date	AFG	ALB	DZA	AGO	ATG	ARG	ARM	AUS	AUT	AZE	BHS	BHR	BGD	BRB	BLR	BEL	BLZ	BEN	BTN	BOL	BIH	BWA	BRA	BRN	BGR	BFA	BDI	CPV	KHM	CMR	CAN	CAF	TCD	CHL	CHN	COL	COM	COD	COG	CRI	CIV	HRV	CYP	CZE	DNK	DJI	DMA	DOM	ECU	EGY	SLV	GNQ	ERI	EST	ETH	FJI	FIN	FRA	GAB	GMB	GEO	DEU	GHA	GRC	GRD	GTM	GIN	GNB	GUY	HTI	HND	HKG	HUN	ISL	IND	IDN	IRN	IRQ	IRL	ISR	ITA	JAM	JPN	JOR	KAZ	KEN	KIR	KOR	UVK	KWT	KGZ	LAO	LVA	LBN	LSO	LBR	LBY	LTU	LUX	MKD	MDG	MWI	MYS	MDV	MLI	MLT	MHL	MRT	MUS	MEX	FSM	MDA	MNG	MNE	MAR	MOZ	MMR	NAM	NPL	NLD	NZL	NIC	NER	NGA	NOR	OMN	PAK	PLW	PAN	PNG	PRY	PER	PHL	POL	PRT	QAT	ROU	RUS	RWA	WSM	SMR	STP	SAU	SEN	SRB	SYC	SLE	SGP	SVK	SVN	SLB	ZAF	SSD	ESP	LKA	KNA	LCA	VCT	SDN	SUR	SWZ	SWE	CHE	SYR	TWN	TJK	TZA	THA	TLS	TGO	TON	TTO	TUN	TUR	TKM	TUV	UGA	UKR	ARE	GBR	USA	URY	UZB	VUT	VEN	VNM	YEM	ZMB	ZWE
1/1/1980	n/a	2.016	42.346	5.934	0.131	250.255	n/a	162.81	80.743	n/a	2.035	3.593	22.632	1.018	n/a	123.947	0.172	1.685	0.127	3.589	n/a	1.175	152.154	n/a	26.603	2.121	0.951	0.157	n/a	7.649	272.982	0.714	0.738	28.7	303.764	46.784	0.152	68.606	2.083	4.831	10.04	n/a	2.31	n/a	71.14	n/a	0.073	9.248	16.84	22.371	3.899	0.032	n/a	n/a	7.385	1.231	46.261	939.453	4.559	0.364	n/a	850.642	25.956	56.779	0.101	7.319	1.724	0.171	0.559	1.546	3.508	28.862	22.913	3.447	189.438	99.296	100.866	n/a	21.397	23.745	470.097	2.565	1,086.99	3.908	n/a	10.099	0.041	65.222	n/a	28.724	n/a	1.004	n/a	4.074	0.411	n/a	38.941	n/a	6.494	n/a	4.042	2.146	26.382	0.063	1.685	n/a	n/a	n/a	1.262	234.618	n/a	n/a	3.188	n/a	21.998	5.401	n/a	n/a	1.98	189.524	22.52	1.832	2.509	62.365	64.448	6.13	28.632	n/a	3.81	2.767	4.095	20.186	36.045	56.619	32.611	7.829	46.348	n/a	1.259	0.127	n/a	0.069	164.54	3.503	n/a	0.147	1.701	12.079	n/a	n/a	0.177	82.981	n/a	230.189	4.39	0.058	0.144	0.082	9.902	1.192	1.074	138.184	118.714	12.98	42.296	n/a	7.412	33.422	n/a	1.234	0.074	6.236	9.566	94.258	n/a	n/a	5.55	n/a	40.415	565.019	2,862.48	11.199	n/a	0.121	69.843	27.847	n/a	4.246	n/a
1/1/1981	n/a	2.309	44.372	5.554	0.148	203.251	n/a	188.278	69.965	n/a	2.109	4.056	22.057	1.12	n/a	102.655	0.179	1.14	0.137	3.44	n/a	1.038	174.864	n/a	28.694	1.846	0.989	0.154	n/a	8.665	305.757	0.743	0.873	33.981	287.363	50.969	0.133	59.726	1.708	2.624	8.321	n/a	2.237	n/a	61.893	n/a	0.082	10.342	17.243	24.499	3.437	0.03	n/a	n/a	7.578	1.264	42.011	1,025.68	4.111	0.349	n/a	715.726	21.669	52.452	0.106	7.995	1.711	0.219	0.544	1.702	3.855	31.055	23.497	3.558	196.535	110.848	114.653	n/a	20.339	25.16	426.296	2.817	1,201.47	4.388	n/a	9.513	0.043	72.426	n/a	25.249	n/a	0.587	n/a	3.894	0.418	n/a	33.641	n/a	5.601	n/a	3.595	2.146	26.938	0.073	1.393	n/a	n/a	n/a	1.25	301.328	n/a	n/a	3.336	n/a	17.86	4.195	n/a	n/a	2.315	158.867	23.439	2.156	2.171	64.135	63.605	7.461	30.838	n/a	4.313	2.716	5.22	24.394	39.595	53.647	32.48	8.661	55.674	n/a	1.429	0.119	n/a	0.084	184.291	3.177	n/a	0.154	1.823	14.383	n/a	n/a	0.188	85.462	n/a	204.082	4.568	0.069	0.165	0.102	7.109	1.333	1.076	126.151	108.674	16.652	48.986	n/a	8.865	35.999	n/a	1.025	0.082	6.992	9.223	95.496	n/a	n/a	8.986	n/a	45.002	540.828	3,210.95	12.499	n/a	0.114	78.369	13.875	n/a	4.385	n/a
1/1/1982	n/a	2.378	44.78	5.554	0.164	100.928	n/a	186.918	69.954	n/a	2.374	4.264	20.197	1.171	n/a	90.324	0.179	1.128	0.144	3.813	n/a	1.095	186.95	n/a	29.927	1.719	1.045	0.155	n/a	8.31	313.47	0.719	0.844	25.337	281.79	54.583	0.126	64.939	1.489	2.607	7.466	n/a	2.315	n/a	60.423	n/a	0.09	9.748	17.214	28.986	3.394	0.035	n/a	n/a	7.973	1.222	41.505	1,031.31	3.853	0.33	n/a	691.011	36.688	55.002	0.115	8.098	1.678	0.249	0.459	1.77	3.97	32.291	23.929	3.27	203.537	113.799	143.485	n/a	21.266	26.964	421.333	3.235	1,116.84	4.684	n/a	9.159	0.042	77.768	n/a	21.583	n/a	0.587	n/a	2.656	0.348	n/a	33.541	n/a	4.599	n/a	3.526	2.046	28.868	0.087	1.247	n/a	n/a	n/a	1.147	218.68	n/a	n/a	3.463	n/a	18.028	4.285	n/a	n/a	2.34	153.892	23.205	2.497	2.018	55.511	62.653	7.829	31.303	n/a	4.765	2.576	5.47	24.254	41.254	65.187	30.681	7.597	55.729	n/a	1.525	0.122	n/a	0.081	153.24	3.11	n/a	0.148	2.05	15.887	n/a	n/a	0.187	78.416	n/a	197.154	4.932	0.079	0.155	0.114	5.169	1.372	1.027	111.393	111.313	17.415	49.545	n/a	10.178	37.799	n/a	0.864	0.081	8.14	8.9	86.766	n/a	n/a	6.235	n/a	41.848	515.069	3,345.00	10.218	n/a	0.114	80	18.405	n/a	4.232	n/a
1/1/1983	n/a	2.403	47.529	5.788	0.182	124.505	n/a	179.352	70.874	n/a	2.643	4.368	21.165	1.243	n/a	85.369	0.189	0.999	0.156	3.609	n/a	1.21	149.893	n/a	30.754	1.571	1.106	0.152	n/a	8.376	340.321	0.69	0.844	20.581	302.459	54.249	0.122	52.378	1.354	3.147	6.737	n/a	2.317	n/a	60.65	n/a	0.099	10.089	15.129	35.43	3.25	0.04	n/a	n/a	8.863	1.149	41.985	1,278.67	3.689	0.332	n/a	689.366	12.249	49.816	0.123	8.406	1.641	0.281	0.466	1.9	4.207	29.907	21.717	2.807	222.049	103.149	174.72	n/a	20.524	30.072	437.189	2.875	1,218.11	4.922	n/a	8.47	0.04	87.027	n/a	20.317	n/a	1.075	n/a	3.66	0.382	n/a	31.963	n/a	4.515	n/a	3.512	2.121	32.286	0.094	1.222	n/a	n/a	n/a	1.187	178.282	n/a	n/a	3.59	n/a	16.296	3.838	n/a	n/a	2.56	149.824	22.453	2.9	1.803	37.575	61.631	8.206	32.339	n/a	4.892	2.572	6.069	18.859	36.891	75.406	28.27	6.468	48.711	n/a	1.629	0.113	n/a	0.076	129.181	2.774	n/a	0.147	1.782	17.998	n/a	n/a	0.176	87.418	n/a	172.429	5.324	0.078	0.167	0.122	7.06	1.325	1.114	102.366	110.993	18.649	54.162	n/a	10.425	41.366	n/a	0.809	0.08	7.764	9.202	82.911	n/a	n/a	7.132	n/a	38.345	489.66	3,638.13	5.609	n/a	0.117	79.675	27.726	n/a	3.653	n/a
1/1/1984	n/a	2.372	51.513	6.135	0.208	139.793	n/a	196.998	66.857	n/a	2.822	4.534	24.064	1.355	n/a	81.565	0.211	1.065	0.161	3.752	n/a	1.201	149.168	n/a	32.668	1.404	1.006	0.145	n/a	8.853	353.888	0.67	0.907	20.014	311.473	53.581	0.118	34.951	1.245	3.66	6.717	n/a	2.443	n/a	59.115	n/a	0.109	15.858	16.101	39.837	2.377	0.044	n/a	n/a	8.375	1.205	41.565	1,280.30	3.547	0.238	n/a	649.558	8.053	48.515	0.133	8.796	1.672	0.195	0.465	2.105	4.538	33.511	21.055	2.904	215.556	107.218	181.152	n/a	19.831	28.469	431.906	2.119	1,294.61	4.972	n/a	8.788	0.043	96.596	n/a	21.457	n/a	1.539	n/a	4.327	0.342	n/a	29.93	n/a	4.426	n/a	2.939	2.095	36.568	0.113	1.217	n/a	n/a	n/a	1.149	210.246	n/a	n/a	3.316	n/a	14.904	3.998	n/a	n/a	2.708	139.468	22.347	3.966	1.461	27.25	62.081	9.044	33.762	n/a	5.106	2.376	4.931	19.439	34.857	75.507	25.954	6.704	39.361	n/a	1.56	0.111	n/a	0.079	119.631	2.706	n/a	0.151	2.062	19.552	n/a	n/a	0.176	77.315	n/a	171.955	6.24	0.091	0.213	0.135	8.701	1.296	0.939	106.633	106.025	19.171	61.088	n/a	9.485	43.179	n/a	0.724	0.084	7.757	9.055	80.642	n/a	n/a	5.486	n/a	38.012	461.567	4,040.70	5.334	n/a	0.144	57.827	48.177	n/a	3.003	n/a
1/1/1985	n/a	2.423	61.132	7.559	0.241	105.586	n/a	174.263	68.47	n/a	3.074	4.278	24.756	1.418	n/a	84.82	0.209	1.111	0.167	4.059	n/a	1.118	236.798	4.434	27.971	1.553	1.17	0.152	n/a	9.246	362.975	0.883	0.983	17.161	307.829	48.877	0.12	31.943	1.276	3.923	6.851	n/a	2.606	n/a	62.682	n/a	0.119	6.928	18.83	46.45	2.311	0.074	n/a	n/a	9.808	1.168	43.682	1,412.10	3.736	0.29	n/a	658.784	8.046	48.141	0.155	10.385	1.777	0.287	0.474	2.337	4.976	35.7	21.321	3.028	237.618	107.062	85.906	n/a	21.018	26.46	446.173	1.993	1,384.53	5.001	n/a	8.746	0.033	100.288	n/a	21.54	n/a	1.935	n/a	3.614	0.273	n/a	29.44	n/a	4.588	n/a	2.858	1.962	33.612	0.134	1.227	n/a	n/a	n/a	1.068	223.104	n/a	n/a	3.851	n/a	15.043	5.285	n/a	n/a	2.812	141.524	22.498	3.854	1.44	26.725	65.436	10.047	34.941	n/a	5.402	2.2	4.214	16.82	33.995	70.775	27.233	6.272	48.595	n/a	1.853	0.106	n/a	0.083	103.894	2.962	n/a	0.169	1.755	18.557	n/a	n/a	0.16	59.103	n/a	181.172	6.173	0.101	0.241	0.146	6.039	1.309	0.671	111.569	107.58	21.177	63.641	n/a	8.558	40.185	n/a	0.763	0.079	7.376	9.246	90.58	n/a	n/a	5.02	n/a	37.31	489.552	4,346.75	5.212	n/a	0.132	59.867	14.999	n/a	2.848	n/a
1/1/1986	n/a	2.68	61.535	7.077	0.29	126.966	n/a	181.35	97.157	n/a	3.323	3.347	25.954	1.557	n/a	117.619	0.228	1.419	0.189	3.97	n/a	1.516	274.694	2.704	24.756	2.036	1.233	0.21	0.205	12.052	375.661	1.158	1.211	18.449	298.564	48.944	0.162	35.84	1.746	4.404	9.17	n/a	3.311	n/a	88.103	n/a	0.135	8.415	13.816	51.429	2.327	0.091	n/a	n/a	10.188	1.32	60.653	1,331.66	4.889	0.226	n/a	940.833	6.74	56.643	0.174	5.615	1.922	0.28	0.523	2.597	5.207	41.076	24.56	4.038	252.751	101.22	89.641	n/a	28.369	32.574	631.896	2.369	2,051.06	6.404	n/a	10.387	0.034	115.537	n/a	17.376	n/a	1.353	n/a	2.817	0.314	n/a	23.987	n/a	6.679	n/a	3.258	2.048	29.879	0.158	1.695	n/a	n/a	n/a	1.346	154.47	n/a	n/a	4.25	n/a	19.864	6.203	n/a	n/a	3.06	197.217	27.382	5.8	1.904	21.164	78.714	7.954	36.432	n/a	5.614	2.394	5.032	25.236	33.174	73.677	37.873	4.95	52.625	n/a	2.1	0.112	n/a	0.117	86.886	4.19	n/a	0.208	1.314	18.763	n/a	n/a	0.143	67.562	n/a	250.683	6.615	0.119	0.29	0.161	8.056	1.336	0.724	147.316	154.151	25.428	78.234	n/a	10.82	44.52	n/a	1.061	0.094	4.794	9.911	100.483	n/a	n/a	5.002	n/a	29.568	601.574	4,590.13	6.47	n/a	0.128	60.878	33.873	n/a	1.962	n/a
1/1/1987	n/a	2.659	63.3	8.089	0.337	130.175	n/a	212.951	121.499	n/a	3.658	3.626	28.633	1.714	n/a	145.99	0.267	1.66	0.229	4.323	n/a	2.376	298.989	3.106	28.696	2.37	1.161	0.26	0.141	13.96	429.038	1.275	1.372	21.759	325.144	50.948	0.196	33.932	2.121	4.533	10.088	n/a	3.971	n/a	109.433	n/a	0.152	8.856	12.91	73.571	2.366	0.111	n/a	n/a	10.89	1.205	76.845	1,404.48	3.699	0.303	n/a	1,170.62	6.712	65.903	0.202	6.502	2.041	0.237	0.655	1.279	5.678	50.623	26.992	5.595	283.75	95.214	103.247	n/a	33.618	38.907	793.07	2.672	2,485.24	6.751	n/a	11.387	0.071	146.132	n/a	20.817	n/a	0.953	n/a	3.298	0.41	n/a	22.294	n/a	8.289	n/a	2.566	2.013	34.046	0.149	1.964	n/a	n/a	n/a	1.798	169.397	n/a	n/a	4.776	n/a	21.911	2.803	n/a	n/a	3.175	241.531	36.912	3.409	2.233	22.553	94.24	8.339	38.983	n/a	5.638	2.631	4.216	41.673	36.871	63.714	47.391	5.216	58.852	n/a	2.331	0.124	n/a	0.118	85.582	5.041	n/a	0.249	1.145	21.611	n/a	n/a	0.15	88.571	n/a	317.602	6.889	0.136	0.32	0.176	13.025	1.469	0.967	179.09	192.949	32.497	105.04	n/a	5.331	52.204	n/a	1.249	0.102	4.798	10.663	115.898	n/a	n/a	8.065	n/a	32.466	745.24	4,870.23	8.095	n/a	0.139	46.855	42.045	n/a	2.431	n/a
1/1/1988	n/a	2.621	51.664	8.775	0.399	152.475	n/a	269.976	133.293	n/a	3.804	4.481	30.904	1.823	n/a	158.724	0.315	1.728	0.262	4.598	n/a	3.084	334.013	2.955	46.895	2.616	1.088	0.292	0.276	14.176	506.041	1.372	1.604	25.65	405.715	54.925	0.207	39.314	2.257	4.614	10.195	n/a	4.58	n/a	115.568	n/a	0.171	8.11	12.277	88	2.762	0.119	n/a	n/a	11.285	1.136	89.268	1,611.20	4.079	0.352	n/a	1,262.02	7.231	76.747	0.223	7.042	2.384	0.221	0.615	0.841	6.324	59.708	29.537	6.182	299.645	107.279	90.535	n/a	36.807	48.196	878.629	3.184	3,015.39	6.324	n/a	11.806	0.045	196.972	n/a	19.281	n/a	0.621	n/a	3.314	0.465	n/a	25.067	n/a	9.389	n/a	2.442	2.314	37.315	0.178	1.967	n/a	n/a	n/a	2.181	207.235	n/a	n/a	4.797	n/a	25.947	2.463	n/a	n/a	3.743	258.309	45.416	1.499	2.28	25.022	101.91	8.105	42.241	n/a	4.875	3.656	5.584	32.971	42.082	68.612	55.44	5.004	60.925	n/a	2.495	0.138	n/a	0.1	88.138	4.985	n/a	0.284	1.877	26.515	n/a	n/a	0.171	95.207	n/a	373.143	7.2	0.161	0.367	0.201	10.398	1.741	0.976	202.623	208.8	16.538	126.461	n/a	5.124	63.704	n/a	1.514	0.119	4.497	11.073	121.901	n/a	n/a	8.355	n/a	32.999	910.323	5,252.63	8.375	n/a	0.158	60.379	23.234	n/a	4.095	n/a
1/1/1989	n/a	2.879	52.558	10.208	0.439	97.825	n/a	307.184	132.965	n/a	4.288	4.675	34.046	2.018	n/a	160.46	0.363	1.596	0.261	4.716	n/a	3.444	458.527	3.315	47.76	2.616	1.131	0.295	0.346	12.64	563.661	1.354	1.515	29.547	453.914	55.384	0.199	40.006	2.384	5.225	9.757	n/a	4.892	n/a	112.436	n/a	0.185	9.16	12.049	109.714	3.157	0.105	n/a	n/a	11.872	1.21	92.922	1,614.71	4.458	0.37	n/a	1,252.92	7.414	79.535	0.258	8.118	2.432	0.266	0.779	0.778	7.065	68.79	30.154	5.735	300.187	122.582	87.363	n/a	37.998	49.038	913.648	3.692	3,017.05	4.252	n/a	11.705	0.043	243.508	n/a	23.855	n/a	0.767	n/a	2.718	0.484	n/a	26.594	n/a	9.998	n/a	2.498	2.639	41.095	0.201	2.369	n/a	n/a	n/a	2.28	252.549	n/a	n/a	4.997	n/a	26.706	2.574	n/a	n/a	3.784	254.538	44.051	2.082	2.18	24.174	102.648	9.058	43.869	n/a	4.888	3.546	4.046	40.692	47.291	66.895	59.812	5.288	54.583	n/a	2.605	0.142	n/a	0.099	95.217	4.913	n/a	0.305	1.724	31.393	n/a	n/a	0.167	99.044	n/a	411.571	7.227	0.179	0.416	0.215	18.347	2.034	0.983	213.079	201.666	9.849	152.727	n/a	4.343	74.637	n/a	1.486	0.144	4.323	11.069	144.085	n/a	n/a	6.774	n/a	38.09	927.105	5,657.70	8.827	n/a	0.154	44.673	6.293	n/a	4.365	n/a
1/1/1990	n/a	2.301	61.892	11.236	0.459	169.221	n/a	323.263	166.493	n/a	4.088	4.964	35.383	2.024	n/a	200.926	0.412	1.96	0.281	4.868	n/a	4.079	475.119	3.908	21.058	3.101	1.131	0.339	0.899	12.654	592.047	1.572	1.826	32.851	392.505	56.412	0.25	41.448	2.799	5.71	10.796	n/a	5.992	n/a	138.258	n/a	0.201	8.526	12.236	91.383	4.801	0.133	n/a	n/a	12.595	1.337	113.699	1,462.61	6.339	0.434	n/a	1,592.71	8.835	98.341	0.268	7.106	2.666	0.323	0.652	0.99	4.169	76.929	34.173	6.544	326.608	138.258	567.811	n/a	48.054	57.865	1,140.33	4.663	3,103.70	4.161	n/a	12.18	0.041	279.215	n/a	18.293	n/a	0.915	n/a	2.838	0.584	n/a	30.644	n/a	12.747	n/a	3.081	2.999	46.575	0.231	2.751	n/a	n/a	1.213	2.508	298.037	n/a	n/a	3.131	n/a	30.18	4.13	n/a	2.838	3.894	314.016	45.765	0.519	2.48	36.052	119.796	11.294	48.572	n/a	5.313	3.221	4.904	28.32	49.095	62.084	79.447	7.36	38.88	n/a	2.491	0.182	n/a	0.12	117.473	5.717	n/a	0.369	0.941	38.9	n/a	n/a	0.208	115.533	n/a	533.945	8.273	0.203	0.484	0.24	2.444	0.539	1.229	255.95	257.544	12.303	166.845	n/a	3.43	88.467	n/a	1.789	0.148	5.068	13.474	202.247	n/a	n/a	5.525	n/a	49.09	1,093.36	5,979.58	10.27	n/a	0.169	48.393	6.472	12.644	4.085	8.78
1/1/1991	n/a	1.381	46.67	10.891	0.482	226.999	n/a	324.108	174.045	n/a	4.018	5.207	36.468	2.032	n/a	206.218	0.445	1.986	0.244	5.343	n/a	4	416.596	4.109	2.063	3.135	1.167	0.353	2.011	14.109	608.253	1.498	1.809	37.812	411.307	58.308	0.26	40.25	2.725	7.158	10.493	n/a	6.184	n/a	139.265	0.462	0.22	10.544	13.73	46.06	5.311	0.132	n/a	n/a	13.928	1.384	105.712	1,512.96	5.754	0.457	n/a	1,869.10	11.118	106.032	0.292	8.687	3.015	0.457	0.732	0.888	4.195	88.96	34.559	6.993	274.842	154.558	793.296	n/a	48.667	65.641	1,204.94	4.285	3,536.80	4.345	n/a	11.501	0.049	325.713	n/a	10.826	n/a	1.078	n/a	4.452	0.662	n/a	33.908	n/a	13.815	n/a	2.677	3.821	52.765	0.262	2.791	n/a	n/a	1.39	2.99	357.292	n/a	n/a	3.297	n/a	32.286	3.217	n/a	2.854	4.261	323.511	43.576	3.678	2.328	35.139	121.903	10.919	55.352	n/a	5.842	3.789	6.984	33.988	50.32	80.451	89.913	6.884	29.331	n/a	1.837	0.177	n/a	0.108	132.047	5.617	n/a	0.374	1.139	45.472	n/a	n/a	0.22	123.964	n/a	575.184	9.058	0.201	0.514	0.255	2.752	0.594	1.277	268.677	260.542	12.738	187.351	n/a	4.031	101.247	n/a	1.768	0.177	5.203	14.202	203.491	n/a	n/a	2.208	n/a	49.821	1,143.08	6,174.05	12.376	n/a	0.201	53.383	7.642	14.665	3.69	8.18
1/1/1992	n/a	0.874	49.217	8.398	0.499	273.911	0.108	317.432	195.069	1.193	4.015	5.441	36.476	1.957	4.115	229.677	0.518	2.246	0.238	5.643	n/a	4.099	399.082	4.643	8.373	3.357	1.082	0.395	2.439	12.931	590.161	1.494	1.886	46.065	490.848	68.997	0.281	36.333	2.933	8.574	11.153	12.247	7.41	n/a	152.961	0.478	0.234	12.303	15.012	42.006	5.955	0.16	0.783	n/a	14.696	1.532	107.654	1,502.25	5.955	0.493	n/a	2,128.56	11.257	117.053	0.304	9.625	3.284	0.489	0.6	0.533	4.675	104.272	38.514	7.153	293.262	168.28	49.271	n/a	54.794	73.349	1,278.12	4.328	3,852.79	5.369	2.875	11.327	0.05	350.078	n/a	19.866	0.921	1.236	1.689	5.546	0.768	n/a	34.358	n/a	15.476	2.443	3.001	3.12	63.521	0.306	2.883	n/a	n/a	1.464	3.154	414.348	n/a	0.864	1.831	n/a	33.712	2.177	n/a	3.014	3.872	358.001	41.592	3.894	2.345	34.715	130.892	11.98	59.254	n/a	6.641	4.378	7.158	35.376	58.695	88.713	108.13	7.646	19.903	85.592	1.95	0.193	n/a	0.096	136.905	6.005	n/a	0.434	0.969	52.13	n/a	19.2	0.261	134.557	n/a	628.611	9.765	0.223	0.567	0.278	3.375	0.551	1.417	279.568	271.053	13.263	223.123	0.291	3.7	115.576	n/a	1.854	0.184	5.318	16.979	213.783	0.951	n/a	3.315	22.193	52.208	1,180.41	6,539.30	14.223	3.571	0.209	60.402	9.867	17.959	3.614	6.746
1/1/1993	n/a	1.513	50.963	6.095	0.535	283.165	0.835	309.13	189.958	1.309	3.993	5.985	38.234	2.075	3.662	219.595	0.56	2.275	0.249	5.734	n/a	4.338	447.832	4.558	4.545	3.2	0.938	0.398	2.427	13.492	574.863	1.309	1.648	49.285	616.527	78.195	0.278	47.45	2.684	9.638	11.046	12.968	7.085	n/a	143.21	0.466	0.246	13.851	17.537	47.101	6.938	0.162	0.483	1.739	9.143	1.635	98.381	1,372.45	5.757	0.528	n/a	2,069.77	8.886	109.412	0.303	10.462	3.279	0.381	0.721	0.61	4.794	120.354	39.901	6.271	284.194	190.913	64.206	n/a	50.775	73.72	1,027.93	5.516	4,414.96	5.532	5.152	7.869	0.049	386.292	n/a	23.996	0.667	1.392	2.719	7.535	0.767	n/a	30.921	n/a	15.864	2.687	3.371	3.591	71.837	0.346	2.873	n/a	n/a	1.25	3.584	504.022	n/a	1.11	0.902	n/a	31.656	2.265	n/a	2.891	4.158	348.101	44.797	3.726	2.221	36.045	120.267	11.994	62.729	n/a	7.253	4.976	7.249	34.329	60.237	90.366	95.149	7.157	26.799	183.816	1.881	0.198	n/a	0.127	132.791	5.679	n/a	0.474	1.089	60.642	13.669	16.564	0.291	134.345	n/a	528.008	10.44	0.243	0.575	0.286	5.712	0.434	1.488	209.982	263.445	13.796	235.166	0.678	3.412	128.89	n/a	1.413	0.19	4.581	15.944	242.468	5.363	n/a	3.728	35.025	53.438	1,062.55	6,878.70	16.568	5.502	0.2	59.867	13.181	21.737	3.549	6.552
1/1/1994	n/a	2.446	42.426	4.438	0.589	308.332	0.648	352.522	203.514	2.258	4.208	6.41	41.538	2.163	4.854	239.562	0.581	1.598	0.253	5.97	n/a	4.261	558.374	4.537	7.99	1.924	0.924	0.448	2.765	8.912	575.998	0.858	1.335	56.86	562.277	98.26	0.186	25.746	1.769	10.557	8.314	17.349	7.989	n/a	156.181	0.492	0.264	15.472	21.147	51.879	8.086	0.12	0.56	2.435	8.135	1.825	105.066	1,383.41	4.463	0.523	0.823	2,211.02	7.859	116.969	0.318	11.855	3.383	0.429	0.874	1.775	4.693	135.807	42.91	6.437	333.014	213.727	79.847	n/a	55.746	84.152	1,060.16	5.529	4,850.35	6.197	11.648	9.422	0.057	455.645	n/a	24.796	1.121	1.618	4.518	9.11	0.809	n/a	28.796	n/a	17.653	3.561	2.977	2.081	79.985	0.382	2.17	n/a	n/a	1.316	3.615	527.316	n/a	1.158	1.082	n/a	35.605	2.458	n/a	3.254	4.344	373.918	52.855	3.861	1.563	49.265	127.094	12.397	63.581	n/a	7.734	5.468	7.871	43.792	71.003	103.683	99.702	7.374	30.572	276.902	1.195	0.158	n/a	0.132	134.995	3.877	n/a	0.486	1.306	73.776	15.772	16.783	0.369	139.804	n/a	529.824	12.041	0.272	0.6	0.289	6.49	0.488	1.612	226.113	291.883	15.105	256.438	0.829	3.627	146.684	n/a	1.095	0.196	4.947	17.052	174.99	4.542	n/a	4.602	38.012	57.45	1,140.53	7,308.78	19.299	6.521	0.234	58.359	16.312	28.019	3.657	6.889
1/1/1995	n/a	2.986	42.066	5.539	0.577	309.359	1.287	379.353	240.747	2.417	4.429	6.785	45.921	2.275	3.384	289.459	0.62	2.17	0.296	6.702	n/a	4.732	786.479	5.255	13.383	2.38	1	0.536	3.441	9.036	602.023	1.117	1.636	73.272	731.973	111.237	0.232	25.021	2.116	11.714	11.001	22.383	9.919	59.519	185.042	0.498	0.275	17.504	22.968	60.163	9.501	0.169	0.624	3.797	8.431	1.97	125.679	1,505.65	5.281	0.547	1.897	2,594.37	8.403	137.472	0.335	13.314	3.693	0.453	0.993	2.813	5.415	144.653	46.179	7.173	366.6	244.227	112.783	n/a	69.225	99.969	1,171.94	6.543	5,333.93	6.65	16.594	11.944	0.058	556.449	n/a	27.189	1.493	1.88	5.392	11.119	0.909	n/a	32.69	6.742	20.768	4.687	3.16	2.423	95.395	0.466	2.804	3.367	n/a	1.415	4.18	343.814	0.222	1.441	1.697	n/a	39.029	2.524	n/a	3.503	4.716	446.932	62.186	4.14	1.756	107.833	152.047	13.261	73.741	n/a	7.906	4.84	9.062	52.139	82.121	139.089	118.223	8.138	36.067	313.451	1.239	0.242	n/a	0.104	143.152	4.879	n/a	0.508	1.262	87.888	19.951	21.304	0.429	155.461	n/a	612.413	12.787	0.293	0.64	0.316	7.288	0.927	1.921	264.089	341.911	16.556	279.27	0.569	4.251	169.279	n/a	1.446	0.211	5.329	19.654	227.81	5.874	n/a	6.714	38.275	63.637	1,235.73	7,664.05	21.312	10.168	0.249	77.43	20.798	12.796	3.799	7.152
1/1/1996	n/a	3.315	46.941	6.535	0.634	325.972	1.597	424.876	236.828	3.177	4.661	7.055	48.168	2.425	14.5	280.9	0.641	2.361	0.311	7.375	3.584	4.881	853.879	5.679	10.11	2.587	0.868	0.553	3.507	10.335	626.974	1	1.819	77.677	860.843	116.838	0.231	32.099	2.54	11.845	12.138	23.582	9.993	66.797	187.644	0.494	0.292	19.365	24.035	67.632	10.316	0.276	0.749	4.745	8.826	2.129	125.845	1,851.66	6.064	0.571	3.046	2,504.67	9.18	146.571	0.361	14.218	3.868	0.43	1.116	2.908	5.217	159.718	46.449	7.519	399.791	274.722	154.177	n/a	75.851	109.776	1,309.80	7.394	4,706.49	6.928	20.893	13.565	0.069	598.063	n/a	31.492	1.855	1.956	5.959	12.997	0.86	n/a	35.683	8.44	20.657	4.642	3.995	3.956	108.3	0.527	2.851	3.433	n/a	1.443	4.388	397.402	0.219	1.694	1.573	n/a	43.162	3.468	n/a	3.494	4.861	445.845	69.096	4.308	1.88	154.085	163.52	14.712	77.429	n/a	9.322	5.151	9.788	54.09	91.792	156.684	122.659	9.059	35.902	391.775	1.343	0.258	n/a	0.034	158.451	5.066	n/a	0.503	1.296	96.403	21.579	21.493	0.473	147.701	n/a	638.5	14.025	0.312	0.662	0.331	9.12	1.153	1.819	288.134	329.692	17.761	292.681	1.052	5.311	183.035	n/a	1.581	0.229	5.76	21.283	244.386	2.379	n/a	7.079	46.083	70.991	1,304.66	8,100.18	22.657	13.922	0.261	70.538	24.692	6.496	3.599	8.758
1/1/1997	n/a	2.36	48.178	7.675	0.681	350.745	1.639	425.317	212.61	3.963	4.961	7.316	50.34	2.564	14.098	254.454	0.654	2.268	0.348	7.917	4.578	5.024	886.666	5.769	11.196	2.448	0.972	0.54	3.443	10.343	651.009	0.979	1.748	84.835	958.156	128.267	0.212	28.819	2.323	12.828	11.831	20.466	9.501	61.602	173.558	0.503	0.303	20.914	27.009	75.865	11.135	0.526	0.767	5.072	8.909	2.094	121.801	2,127.00	5.673	0.591	3.575	2,221.74	10.613	143.497	0.389	16.103	3.783	0.425	1.188	3.339	5.736	177.353	47.07	7.596	423.189	260.68	180.421	n/a	82.829	114.546	1,241.04	8.4	4,325.24	7.246	22.13	13.742	0.07	557.547	n/a	30.35	1.766	1.846	6.502	15.745	0.907	n/a	36.531	10.145	18.603	3.928	3.546	4.619	107.57	0.652	2.781	3.476	0.106	1.402	4.491	480.557	0.207	1.928	1.38	n/a	39.147	4.11	n/a	3.636	5.284	412.717	68.875	4.39	1.733	163.88	161.374	15.232	76.498	n/a	10.084	4.923	9.965	56.911	91.234	157.183	117.248	11.298	35.872	404.946	1.808	0.28	n/a	0.046	165.742	4.672	n/a	0.563	1.201	100.168	21.889	20.978	0.495	152.611	n/a	587.967	15.63	0.351	0.677	0.348	11.742	1.235	1.945	264.51	286.581	16.573	303.706	1.121	6.415	150.18	n/a	1.61	0.227	5.738	20.747	255.647	2.681	n/a	7.367	51.867	76.202	1,438.79	8,608.53	23.974	14.705	0.273	85.669	26.892	6.838	4.303	8.99
1/1/1998	n/a	2.708	48.188	6.506	0.728	358.138	1.892	379.885	217.994	4.28	5.354	6.994	51.928	2.891	15.222	260.19	0.689	2.455	0.382	8.49	5.281	4.819	867.149	4.496	14.755	2.805	0.893	0.575	3.13	9.875	631.472	1.036	1.975	81.542	1,025.30	118.442	0.216	21.089	1.949	14.101	12.682	21.808	10.217	66.347	177.005	0.514	0.322	22.609	27.474	84.821	12.008	0.44	0.809	5.621	8.078	1.657	134.883	2,207.45	4.774	0.607	3.62	2,246.45	11.916	145.135	0.445	17.488	3.588	0.376	1.103	3.724	6.366	168.88	48.548	8.468	428.767	115.323	201.452	n/a	90.083	115.839	1,268.51	8.787	3,916.46	7.912	21.624	15.726	0.068	374.14	n/a	25.944	1.674	1.3	7.131	17.289	0.836	n/a	29.96	11.272	19.445	3.764	3.738	3.036	77.508	0.693	2.943	3.68	0.109	1.371	4.369	502.029	0.22	1.697	1.314	n/a	41.806	4.718	7.454	3.215	5.253	433.086	56.752	4.635	1.981	162.558	154.18	13.392	75.966	n/a	10.933	3.763	9.025	54.6	72.207	172.05	124.168	10.255	42.815	271.038	1.93	0.268	n/a	0.054	146.775	5.058	n/a	0.608	0.956	85.715	22.799	22.147	0.423	137.686	n/a	616.957	16.103	0.366	0.738	0.374	11.308	1.483	1.786	266.829	294.707	16.144	280.407	1.32	9.454	113.676	n/a	1.524	0.219	6.044	21.803	269.528	2.862	n/a	7.91	43.315	73.394	1,529.15	9,089.15	25.394	14.948	0.262	91.903	27.234	6.322	3.538	10.563
1/1/1999	n/a	3.411	48.845	6.153	0.766	339.836	1.845	411.075	217.01	4.581	6.02	7.581	53.984	3.029	12.138	260.007	0.732	2.489	0.401	8.269	5.766	5.485	601.955	5.106	13.692	3.013	0.866	0.652	3.513	10.424	674.248	1.039	1.739	75.237	1,089.45	103.761	0.223	19.147	2.357	15.795	12.393	20.134	10.448	64.719	177.961	0.541	0.332	23.165	19.74	90.386	12.465	0.738	0.794	5.741	7.927	1.942	135.403	2,327.05	4.966	0.623	2.803	2,202.85	12.665	149.517	0.482	16.492	3.461	0.415	1.137	4.154	6.417	165.769	48.966	8.928	466.841	169.158	270.641	n/a	98.688	117.212	1,250.70	8.887	4,417.03	8.149	16.87	14.353	0.072	485.257	n/a	30.123	1.267	1.422	7.456	17.405	0.82	n/a	35.975	10.989	21.285	3.867	3.721	3.08	84.996	0.756	2.943	3.836	0.108	1.406	4.408	579.452	0.221	1.172	1.236	n/a	41.632	5.167	9.794	3.384	5.404	442.555	58.861	4.856	1.916	46.362	162.316	15.002	76.863	n/a	11.456	3.434	8.393	49.378	82.995	167.799	127.633	12.393	36.183	195.907	1.797	0.261	n/a	0.056	161.717	5.151	n/a	0.623	0.956	86.287	20.837	22.746	0.448	136.55	n/a	634.384	16.193	0.389	0.776	0.391	10.676	1.222	1.753	270.735	289.544	16.785	304.174	1.087	11.624	126.669	n/a	1.529	0.2	6.808	22.943	250.334	3.857	n/a	7.225	32.661	82.865	1,558.40	9,660.63	23.995	17.041	0.268	97.24	28.702	7.639	3.405	10.272
1/1/2000	n/a	3.64	54.749	9.13	0.784	340.74	1.912	397.303	196.998	5.273	6.328	9.061	54.586	3.122	10.418	238.032	0.832	2.366	0.436	8.385	5.554	5.804	657.249	6.662	13.396	2.633	0.87	0.589	3.667	9.272	739.481	0.885	1.572	77.982	1,205.26	99.875	0.202	19.077	3.22	15.947	10.748	21.773	9.932	61.474	164.188	0.556	0.333	25.613	18.319	99.624	13.134	1.243	0.706	5.706	8.235	1.684	125.908	2,666.81	5.397	0.608	3.042	1,955.67	7.362	132.651	0.52	17.187	2.995	0.371	1.123	3.954	7.104	171.669	47.11	8.925	476.636	179.482	357.875	n/a	99.854	132.396	1,145.56	9.065	4,730.99	8.461	18.292	14.136	0.07	561.595	2.234	37.721	1.368	1.572	7.864	17.248	0.798	0.588	38.271	11.519	21.438	3.774	3.878	3.023	100.719	0.801	2.663	4.059	0.111	1.294	4.663	683.65	0.233	1.315	1.329	0.985	38.859	4.667	10.277	3.911	5.731	414.018	54.077	5.109	1.671	61.309	171.333	18.91	73.987	0.149	11.621	3.499	8.196	51.005	81.023	171.276	118.706	17.76	37.467	259.702	1.718	0.257	n/a	0.058	189.515	4.693	9.312	0.615	0.941	95.837	20.687	20.446	0.381	136.453	n/a	597.149	16.926	0.42	0.784	0.396	12.257	1.266	1.729	259.839	271.861	19.861	331.407	0.991	12.423	126.392	0.447	1.299	0.191	8.154	21.473	266.671	5.022	0.014	6.852	32.331	103.893	1,548.75	10,284.75	22.832	13.717	0.272	117.676	31.176	9.679	3.601	9.891
1/1/2001	n/a	4.065	54.745	8.936	0.774	322.235	2.118	376.263	197.123	5.71	6.517	9.187	54.755	3.117	12.355	237.601	0.872	2.502	0.455	8.155	5.784	5.516	560.221	6.218	14.31	2.836	0.877	0.616	3.992	9.638	732.762	0.897	1.936	71.285	1,332.25	98.201	0.22	8.173	2.794	16.404	11.202	23.265	10.327	67.376	164.82	0.577	0.34	26.588	24.468	97.266	13.813	1.736	0.752	6.26	8.223	1.66	129.361	2,937.32	5.019	0.603	3.205	1,952.33	7.435	136.123	0.52	18.703	2.829	0.393	1.127	3.596	7.566	169.404	53.533	8.125	493.934	174.507	420.688	n/a	109.095	130.753	1,163.78	9.195	4,161.03	8.975	22.153	14.531	0.065	533.188	2.535	34.886	1.526	1.565	8.32	17.595	0.731	0.614	34.112	12.239	21.07	3.709	4.53	2.967	99.639	0.846	3.02	4.067	0.115	1.296	4.614	724.691	0.24	1.481	1.485	1.16	39.46	4.567	7.475	3.55	5.891	426.94	53.083	5.335	1.815	59.629	174.017	18.815	72.928	0.16	11.808	3.068	7.663	51.613	76.262	190.43	121.65	17.538	40.717	306.583	1.675	0.269	n/a	0.051	184.138	4.882	12.313	0.622	1.084	89.288	21.384	20.9	0.38	121.602	n/a	626.514	16.261	0.46	0.742	0.43	13.182	1.09	1.543	239.957	278.823	20.979	300.223	1.057	12.743	120.297	0.496	1.334	0.182	8.825	22.066	196.057	6.933	0.013	6.922	39.309	103.312	1,529.32	10,621.83	20.907	11.632	0.258	123.156	32.524	9.853	4.094	9.745
1/1/2002	4.367	4.435	56.761	12.497	0.803	116.695	2.376	423.647	213.725	6.232	6.958	9.591	57.5	3.17	14.595	259.304	0.933	2.817	0.504	7.917	6.711	5.456	510.618	6.487	16.391	3.218	0.825	0.679	4.289	10.888	752.562	0.963	2.257	70.103	1,461.92	97.946	0.252	8.719	3.02	16.844	12.39	26.9	11.347	81.684	178.648	0.596	0.333	28.243	28.549	85.843	14.307	2.147	0.729	7.345	7.851	1.843	140.047	2,700.66	5.31	0.534	3.395	2,086.50	9.482	153.255	0.54	20.777	2.95	0.417	1.16	3.472	7.775	166.326	67.366	9.162	523.768	212.807	128.627	n/a	128.002	121.092	1,271.53	9.719	3,980.90	9.582	24.637	14.764	0.074	609.017	2.703	38.135	1.638	1.656	9.532	19.091	0.666	0.639	20.471	14.26	23.391	3.991	4.397	3.496	108.296	0.911	3.2	4.475	0.125	1.324	4.942	741.563	0.241	1.662	1.634	1.285	42.238	4.977	7.821	3.369	5.976	467.016	62.052	5.224	2.073	81.593	195.423	19.459	72.145	0.163	12.272	3.048	6.325	54.451	81.358	198.679	134.704	19.364	46.17	345.126	1.669	0.297	n/a	0.055	189.606	5.352	16.177	0.698	1.25	91.942	24.898	23.603	0.324	115.748	n/a	707.642	17.113	0.48	0.746	0.462	14.803	1.376	1.423	263.94	301.337	22.758	308.883	1.212	13.216	134.301	0.486	1.481	0.193	9.008	23.142	232.45	8.7	0.016	7.443	43.956	109.816	1,674.46	10,977.53	13.632	9.657	0.263	95.572	35.097	10.693	4.194	9.288
1/1/2003	4.514	5.747	67.864	14.189	0.84	152.807	2.807	537.564	261.22	7.276	6.949	11.072	63.204	3.275	17.825	319.182	0.99	3.565	0.575	8.092	8.477	7.538	558.921	7.279	21.14	4.212	0.785	0.891	4.665	13.63	887.868	1.11	3.102	76.098	1,649.92	94.645	0.325	8.954	3.503	17.518	15.336	34.734	14.45	99.322	218.139	0.628	0.343	22.517	32.433	80.994	15.047	2.952	0.87	9.852	8.623	2.316	171.398	2,651.77	6.497	0.507	3.991	2,510.53	11.186	201.933	0.591	21.918	3.446	0.477	1.197	2.96	8.14	161.355	84.738	11.297	618.369	255.428	151.911	n/a	164.563	126.749	1,573.34	9.43	4,304.60	10.196	30.834	16.796	0.094	680.581	3.355	47.844	1.919	2.033	11.751	19.749	0.99	0.511	26.186	18.728	29.263	4.946	5.474	3.211	118.344	1.043	4.23	5.423	0.127	1.563	6.092	713.283	0.245	1.981	1.864	1.708	52.064	5.549	12.079	4.932	6.328	572.958	82.541	5.322	2.645	95.358	227.62	20.896	83.048	0.16	12.933	3.716	6.588	59.045	83.908	217.514	165.28	23.534	59.868	430.29	1.835	0.364	n/a	0.098	215.808	6.872	21.219	0.706	1.38	97.003	34.081	29.738	0.314	175.254	n/a	908.588	18.892	0.463	0.81	0.482	17.645	1.615	2.19	331.109	352.375	21.702	318.364	1.555	14.178	152.281	0.506	1.677	0.215	11.305	27.454	303.123	11.424	0.018	7.708	52.01	124.346	1,944.08	11,510.68	12.067	10.129	0.314	83.67	39.563	11.778	4.902	8.189
1/1/2004	5.146	7.315	85.327	19.641	0.898	181.894	3.577	655.811	300.264	8.682	7.094	13.147	68.593	3.514	23.142	370.947	1.058	4.056	0.67	8.785	10.157	8.969	669.616	8.739	25.953	4.843	0.915	1.023	5.334	15.784	1,018.38	1.257	5.003	99.269	1,941.75	117.092	0.363	10.341	4.655	18.595	16.576	41.619	17.172	118.971	251.24	0.666	0.367	23.366	36.592	78.799	15.798	5.241	1.109	12.071	10.142	2.728	197.035	2,865.30	7.756	0.579	5.126	2,823.07	14.557	239.974	0.599	23.965	3.666	0.532	1.26	3.538	8.772	169.096	103.157	13.71	721.589	279.556	181.485	36.642	193.973	135.419	1,801.57	10.173	4,656.41	11.411	43.152	18.064	0.102	764.892	3.62	59.439	2.215	2.374	14.454	20.957	1.262	0.585	32.996	22.692	34.391	5.684	4.364	3.476	133.966	1.202	4.989	6.049	0.131	1.831	6.389	770.27	0.239	2.598	2.317	2.076	59.626	6.749	12.195	6.617	7.274	651.416	101.657	5.793	2.901	126.383	264.199	23.932	97.967	0.175	14.179	4.177	8.003	66.71	91.371	253.709	189.444	31.734	76.217	591.176	2.091	0.429	1.88	0.108	258.742	8.042	24.743	0.839	1.439	114.184	43.188	34.504	0.363	228.931	n/a	1,071.01	20.67	0.501	0.891	0.522	21.457	1.868	2.838	381.743	393.116	25.204	348.407	2.073	15.547	172.895	1.106	1.94	0.243	13.28	31.184	392.233	14.196	0.022	9.497	67.226	147.824	2,298.31	12,274.93	13.708	12.001	0.365	112.189	49.52	13.868	6.221	8.135
1/1/2005	6.167	8.158	103.198	28.234	0.997	220.907	4.9	734.057	315.187	13.245	7.706	15.965	70.921	3.897	30.21	387.618	1.114	4.366	0.762	9.573	10.935	10.027	892.106	10.581	29.377	5.474	1.117	1.09	6.287	16.617	1,164.25	1.337	6.658	123.058	2,268.62	146.547	0.388	11.951	6.098	19.965	17.115	45.379	18.547	135.99	264.581	0.709	0.364	36.101	41.507	89.519	17.094	8.217	1.098	14.024	12.408	3.007	204.786	2,682.90	9.459	0.624	6.411	2,866.31	17.409	248.095	0.695	27.211	2.937	0.588	1.311	4.31	9.672	181.57	111.89	16.749	834.218	310.815	218.335	50.065	211.403	142.838	1,856.68	11.228	4,572.41	12.589	57.125	21.001	0.112	898.137	3.741	80.807	2.46	2.717	16.958	21.286	1.407	0.675	47.335	26.182	37.041	6.257	5.039	3.656	148.245	1.12	5.496	6.402	0.138	2.184	6.251	866.346	0.25	2.988	2.93	2.261	62.343	7.595	13.833	7.258	8.18	679.695	113.562	6.321	3.375	164.774	308.679	30.171	110.1	0.194	15.465	4.866	8.74	74.97	103.074	304.43	197.642	44.53	100.324	763.703	2.584	0.49	1.962	0.13	328.206	8.722	26.075	0.919	1.649	127.42	49.031	36.401	0.429	257.667	n/a	1,159.26	24.418	0.543	0.947	0.551	26.524	2.235	3.178	389.043	407.611	28.881	375.787	2.311	16.93	189.318	1.85	2.117	0.275	15.982	32.272	482.737	17.174	0.022	11.007	89.282	180.617	2,412.35	13,093.70	17.398	14.31	0.395	143.326	57.648	16.732	8.332	7.753
1/1/2006	6.925	9.001	117.027	41.789	1.135	262.814	6.384	781.353	334.603	21.027	7.966	18.501	75.77	4.303	36.962	411.059	1.217	4.709	0.858	11.52	12.46	10.165	1,107.79	12.736	33.686	5.82	1.273	1.237	7.268	17.97	1,310.85	1.461	7.429	154.721	2,729.75	162.766	0.404	14.296	7.738	22.526	17.817	50.448	20.213	155.213	282.972	0.769	0.39	38.254	46.802	107.375	18.551	9.145	1.211	16.987	15.283	3.103	216.742	2,811.13	10.154	0.655	7.745	3,005.08	20.41	273.519	0.699	30.231	2.903	0.592	1.455	4.756	10.842	193.534	114.238	17.041	949.118	396.293	257.773	65.144	231.993	154.511	1,945.23	11.946	4,356.85	15.057	81.003	25.826	0.109	1,012.04	3.918	101.559	2.837	3.548	21.436	21.797	1.487	0.757	54.976	30.235	41.95	6.86	5.516	3.998	168.084	1.475	6.128	6.786	0.144	3.11	6.258	966.867	0.253	3.408	4.084	2.698	68.641	8.304	16.736	7.978	9.044	727.287	109.67	6.786	3.65	217.736	345.393	36.142	137.266	0.195	17.137	5.528	10.646	87.887	122.211	343.252	208.75	60.882	123.534	989.932	3.111	0.513	2.095	0.14	376.398	9.367	30.721	1.016	1.884	147.795	57.283	39.621	0.471	271.812	n/a	1,265.66	28.274	0.636	1.075	0.611	35.82	2.626	3.234	420.017	429.432	33.824	388.547	2.811	18.61	221.759	2.684	2.221	0.293	18.369	34.377	529.278	21.393	0.023	12.325	111.885	222.117	2,582.97	13,855.90	19.62	17.027	0.439	177.722	66.393	19.063	12.757	7.176
1/1/2007	8.556	10.698	134.977	60.449	1.289	329.275	9.206	946.892	386.995	33.09	8.319	21.725	85.604	4.546	45.276	472.964	1.291	5.514	1.02	13.216	15.323	10.942	1,395.97	13.576	43.7	6.781	1.356	1.514	8.63	20.461	1,457.87	1.698	8.651	173.078	3,523.28	207.465	0.466	16.364	8.407	26.322	20.373	60.125	23.83	188.614	319.5	0.848	0.421	43.972	51.008	130.346	20.105	10.777	1.318	22.265	19.701	3.405	255.739	2,833.69	12.439	0.799	10.173	3,444.72	24.758	319.127	0.759	34.113	4.157	0.697	1.741	5.885	12.275	211.599	138.58	21.294	1,238.70	470.144	337.326	88.833	269.701	179.565	2,207.14	12.881	4,356.35	17.111	104.85	31.958	0.131	1,122.68	4.743	114.677	3.807	4.217	30.87	24.577	1.676	0.942	67.69	39.788	50.393	8.337	7.343	4.431	199.96	1.746	7.156	7.944	0.15	3.343	8.401	1,043.47	0.256	4.401	5.37	3.674	79.041	9.291	23.291	8.741	10.325	840.583	134.422	7.458	4.29	257.471	400.886	40.765	152.46	0.196	19.794	6.341	13.795	102.187	149.36	429.152	240.502	79.712	171.679	1,299.70	3.776	0.585	2.491	0.148	415.687	11.301	40.499	1.034	2.159	179.981	76.86	48.167	0.516	299.033	n/a	1,481.39	32.367	0.684	1.173	0.651	45.897	2.936	3.393	487.818	477.797	40.488	408.221	3.712	21.502	262.943	2.905	2.527	0.321	21.642	38.91	646.425	25.962	0.027	15.2	148.734	257.916	2,963.43	14,477.63	23.461	22.307	0.526	221.274	77.52	21.651	14.057	6.939
1/1/2008	10.297	12.901	171.001	84.178	1.347	403.744	11.662	1,036.17	429.638	46.378	8.247	25.705	97.062	4.595	60.752	522.556	1.37	6.665	1.291	16.792	18.712	11.028	1,694.62	16.031	53.644	8.409	1.612	1.789	10.342	23.432	1,542.56	1.985	10.401	179.565	4,558.90	244.302	0.533	19.129	11.915	29.838	24.339	70.453	27.622	235.513	352.589	0.984	0.458	48.07	61.763	162.435	21.431	16.022	1.38	24.285	26.839	3.523	285.087	2,422.65	15.509	0.966	12.795	3,770.15	28.528	356.296	0.826	39.137	4.517	0.868	1.916	6.55	13.79	219.28	156.579	17.531	1,224.10	558.582	391.165	131.614	274.724	216.759	2,403.21	13.743	4,849.19	21.963	133.442	35.895	0.14	1,002.22	5.714	147.402	5.133	5.292	35.834	28.833	1.661	1.084	87.236	48.301	55.406	9.912	9.413	5.321	238.645	2.118	8.779	9.02	0.153	3.978	8.547	1,101.27	0.261	6.055	8.084	4.541	92.507	11.084	34.55	8.486	12.545	940.665	134.198	8.491	5.429	325.443	461.946	59.251	171.195	0.197	23.002	8	18.503	121.61	173.603	530.023	263.249	115.27	209.664	1,660.85	4.799	0.641	2.765	0.194	519.797	13.449	49.165	0.967	2.511	192.231	96.554	55.853	0.608	287.095	n/a	1,642.74	40.72	0.735	1.194	0.695	54.526	3.533	3.266	513.966	552.4	52.631	417.038	5.135	27.368	291.383	4.433	3.174	0.33	27.87	44.855	730.628	21.516	0.031	18.188	188.24	315.475	2,785.92	14,718.58	30.366	28.605	0.608	291.559	98.269	26.911	17.911	5.944
1/1/2009	12.066	12.093	137.054	75.492	1.206	376.826	8.648	981.617	398.602	44.289	7.82	22.933	108.896	4.602	49.209	487.065	1.339	6.602	1.214	17.464	17.265	10.317	1,666.77	11.893	50.249	8.391	1.775	1.712	10.391	23.442	1,370.84	1.982	9.278	172.107	5,059.72	233.893	0.537	18.315	9.618	29.383	24.341	62.662	25.66	205.852	319.765	1.049	0.489	48.136	62.52	188.608	20.661	10.219	1.857	19.712	32.464	2.871	252.137	2,488.38	12.152	0.901	10.767	3,426.67	25.978	330.693	0.771	37.734	4.635	0.828	2.023	6.584	14.486	214.046	129.36	12.855	1,365.37	577.539	396.738	111.66	235.373	208.067	2,191.78	12.105	5,035.14	23.82	115.309	37.022	0.132	901.935	5.668	105.992	4.683	5.582	26.331	35.14	1.735	1.142	63.069	37.533	50.514	9.4	8.55	6.195	208.914	2.166	8.988	8.55	0.152	3.671	9.639	894.95	0.277	5.438	5.976	4.152	92.897	11.052	38.065	8.876	12.855	860.108	120.598	8.379	5.411	270.471	386.382	46.714	169.745	0.186	24.163	8.105	15.934	121.229	168.485	436.809	244.364	97.798	168.036	1,222.65	5.309	0.608	2.369	0.2	429.098	12.846	42.611	0.847	2.454	192.406	88.859	50.372	0.598	297.221	n/a	1,502.88	42.04	0.709	1.187	0.675	53.145	3.876	3.594	429.656	541.042	53.939	392.106	4.977	28.574	281.575	3.318	3.171	0.338	19.175	43.614	614.389	20.214	0.028	18.579	121.552	253.547	2,310.67	14,418.73	31.661	33.461	0.61	235.057	101.634	25.13	15.328	8.157
1/1/2010	15.325	11.927	161.207	82.471	1.136	461.652	9.26	1,244.97	390.939	52.913	7.91	25.708	122.039	4.446	55.221	485.307	1.398	6.57	1.433	19.786	16.847	12.794	2,209.27	13.707	48.782	9.123	2.032	1.664	11.232	23.667	1,614.07	1.986	10.678	217.283	6,039.55	286.954	0.544	20.641	12.029	36.298	24.931	59.611	25.294	207.016	319.812	1.129	0.494	53.803	69.555	218.763	21.418	12.709	2.117	19.542	29.917	3.14	248.262	2,586.57	14.359	0.952	11.638	3,423.47	32.174	300.156	0.771	41.338	4.929	0.848	2.262	6.62	15.73	228.637	129.585	13.237	1,708.46	755.256	463.971	138.517	220.063	234.323	2,130.59	13.191	5,498.72	26.425	148.047	40	0.156	1,094.50	5.841	115.401	4.806	6.842	24.112	38.01	2.25	1.292	74.804	37.166	52.446	9.415	8.73	6.957	255.024	2.332	9.44	8.757	0.164	4.344	9.795	1,051.13	0.294	5.813	7.185	4.118	93.217	10.468	49.628	11.283	16.002	837.949	144.165	8.741	5.729	373.839	428.527	56.827	177.622	0.184	27.053	9.716	20.674	148.562	199.591	476.524	238.748	125.122	167.986	1,524.92	5.698	0.653	2.143	0.209	526.811	12.937	39.035	0.97	2.578	236.42	89.18	48.103	0.672	375.304	n/a	1,434.26	49.552	0.692	1.249	0.681	65.622	4.368	4.54	488.378	580.764	60.043	446.141	5.642	31.086	340.924	4.069	3.179	0.39	21.038	44.054	731.539	22.148	0.032	20.212	136.011	286.049	2,407.35	14,964.40	40.285	38.963	0.701	271.961	112.771	30.907	20.265	9.445
1/1/2011	17.89	12.891	199.394	104.116	1.13	558.681	10.142	1,499.95	429.431	64.819	7.89	29.038	131.079	4.358	59.735	528.617	1.489	7.304	1.747	24.135	18.318	15.725	2,613.06	18.527	55.799	10.734	2.371	1.865	12.818	26.612	1,788.74	2.196	12.168	250.651	7,492.53	336.369	0.611	24.575	14.433	41.237	25.405	62.172	27.114	227.313	341.498	1.239	0.501	58.304	79.277	235.598	23.139	17.23	2.608	23.191	31.958	3.646	273.925	2,690.48	18.203	0.898	14.435	3,761.14	39.565	289.068	0.779	47.655	5.124	1.107	2.582	7.516	17.649	248.514	139.447	14.665	1,843.02	892.59	564.459	185.75	241.8	261.762	2,280.32	14.397	5,908.99	28.84	188.049	41.953	0.18	1,202.46	6.699	154.016	6.198	8.062	28.488	40.076	2.538	1.54	34.707	43.525	58.754	10.659	9.893	7.984	297.961	2.332	10.686	9.604	0.173	5.136	11.035	1,171.19	0.309	7.018	10.41	4.5	101.371	13.245	56.002	12.426	19.011	894.576	164.926	9.756	6.418	418.834	498.157	67.706	213.626	0.201	31.32	12.873	23.343	170.595	224.143	524.105	245.119	169.805	186.113	1,904.79	6.406	0.762	2.056	0.254	669.507	14.388	46.488	1.066	2.932	275.37	97.62	51.338	0.887	417.057	17.195	1,495.97	59.157	0.728	1.29	0.676	67.22	4.422	4.969	563.11	696.544	n/a	485.671	6.523	33.583	370.608	5.788	3.759	0.439	24.41	45.951	774.729	29.233	0.039	21.108	163.161	347.454	2,593.45	15,517.93	47.962	45.421	0.792	297.637	134.598	32.726	23.732	10.956
1/1/2012	20.296	12.345	209.005	115.342	1.205	607.596	10.619	1,555.26	407.599	68.7	8.234	30.75	141.705	4.313	63.615	499.024	1.574	7.547	1.844	27.282	16.906	14.807	2,412.02	19.047	52.613	11.172	2.51	1.752	14.057	26.487	1,832.72	2.171	12.375	265.134	8,461.51	369.56	0.596	27.566	13.678	45.301	27.114	56.484	24.954	206.442	322.277	1.354	0.485	60.53	87.623	262.256	23.814	18.011	3.092	23.159	43.134	3.85	256.849	2,801.75	17.181	0.91	15.847	3,541.58	41.939	249.663	0.8	50.388	5.632	0.996	2.854	7.89	18.514	262.629	126.825	14.195	1,835.82	919.002	583.164	218.032	224.652	259.612	2,076.37	14.745	5,957.25	30.981	203.517	50.41	0.188	1,222.81	6.503	174.063	6.605	9.4	28.343	44.1	2.41	1.746	81.915	42.843	56.001	9.751	9.92	5.981	314.443	2.534	10.442	9.26	0.184	4.84	11.218	1,186.60	0.326	7.283	12.293	4.048	98.266	14.867	55.609	13.002	18.852	829.406	173.196	10.46	7.011	467.119	509.705	75.433	225.06	0.216	35.938	15.391	24.937	192.733	250.092	496.693	216.488	190.29	172.041	2,016.11	7.223	0.806	1.802	0.26	733.956	14.236	40.734	1.134	3.789	289.941	92.844	46.266	1.025	397.391	11.267	1,356.48	59.378	0.732	1.311	0.693	62.647	4.98	4.913	543.881	665.225	n/a	495.919	7.592	39.088	397.472	6.807	3.918	0.453	24.581	45.239	788.605	35.164	0.04	24.62	175.707	373.43	2,623.83	16,155.25	51.385	51.185	0.782	298.38	155.565	35.401	24.94	12.472
1/1/2013	20.17	12.916	209.703	124.174	1.185	622.054	11.121	1,497.22	428.833	73.537	8.432	32.891	161.297	4.281	73.098	524.943	1.624	8.31	1.934	30.883	17.842	15.097	2,391.03	18.092	54.517	12.202	2.723	1.838	15.362	29.576	1,838.96	1.538	12.951	276.659	9,490.85	380.041	0.658	32.676	13.478	49.237	31.072	57.75	24.065	208.328	335.878	1.455	0.507	61.293	94.473	271.427	24.351	17.136	3.444	25.255	47.532	4.034	269.274	2,940.19	17.596	0.899	16.141	3,746.49	47.806	242.306	0.842	53.851	6.16	1.027	2.982	8.451	18.499	275.743	133.424	15.377	1,875.16	912.502	380.348	232.497	238.26	292.412	2,137.62	14.189	4,919.59	33.641	231.876	54.931	0.181	1,305.61	7.075	175.839	7.333	10.788	30.838	47.598	2.277	1.962	65.516	46.418	61.514	10.774	10.602	5.432	323.342	2.699	11.115	9.972	0.191	5.163	11.928	1,261.86	0.315	7.985	12.582	4.419	107.235	15.622	56.699	12.938	19.27	864.439	184.761	10.851	7.497	521.812	522.349	77.001	231.617	0.228	40.389	15.413	28.334	201.879	271.928	526.239	224.983	201.885	191.598	2,079.02	7.522	0.794	1.802	0.303	744.336	14.956	45.52	1.411	4.914	302.246	97.743	47.691	1.06	366.236	15.34	1,393.48	67.451	0.787	1.334	0.721	66.598	5.131	4.565	579.526	685.168	n/a	511.279	8.506	44.414	420.167	5.596	4.352	0.443	27.257	46.995	823.025	41.013	0.038	25.573	179.572	387.192	2,678.38	16,663.15	57.525	57.17	0.802	218.433	170.565	40.415	26.831	13.49
1/1/2014	20.444	13.276	213.518	129.326	1.248	543.061	11.644	1,442.72	437.582	74.145	8.511	33.862	183.824	4.354	76.139	534.23	1.699	8.685	1.983	33.237	18.165	15.217	2,346.58	17.104	55.824	12.503	3.094	1.858	16.551	31.777	1,785.39	1.726	13.945	258.017	10,356.51	377.867	0.697	35.918	13.552	49.553	33.741	57.073	23.263	205.27	342.362	1.589	0.524	64.058	100.543	286.435	25.164	15.53	3.858	26.506	54.809	4.289	272.649		18.209	0.824	16.536	3,874.44	38.616	237.97	0.912	58.728	6.707	1.111	3.059	8.711	19.511	290.896	136.989	17.036	2,051.23	888.648	416.49	223.508	250.814	305.673	2,147.74	13.709	4,602.37	35.878	216.036	60.937	0.181	1,410.38	7.319	172.608	7.402	11.681	31.972	50.028	2.22	2.013	41.148	48.288	65.683	11.342	10.674	6.055	338.108	2.885	12.094	10.514	0.193	5.081	12.588	1,291.06	0.308	7.962	12.037	4.551	110.009	16.684	63.135	13.632	19.761	880.716	197.502	11.806	8.024	573.999	499.817	77.779	246.849	0.249	43.777	16.809	30.22	202.642	284.618	547.894	229.948	210.109	199.093	1,860.60	7.897	0.827	1.786	0.338	746.248	15.683	43.866	1.423	4.815	307.872	99.869	49.57	1.155	350.082	14.304	1,406.54	74.924	0.852	1.404	0.729	74.766	5.21	4.416	570.591	703.852	n/a	529.597	9.242	48.089	404.824	4.97	4.594	0.438	28.874	48.633	798.332	47.932	0.038	27.616	130.66	399.451	2,950.04	17,348.08	57.471	62.613	0.822	206.252	185.897	43.229	26.611	13.833
1/1/2015	19.681	11.591	175.077	102.011	1.285	578.705	10.607	1,240.80	372.606	63.983	8.884	30.914	202.333	4.451	62.02	458.651	1.763	7.701	2.209	33.537	15.568	13.091	1,799.61	11.636	47.167	11.323	2.97	1.641	17.714	28.524	1,572.78	1.624	11.688	240.041	11,384.76	274.189	0.589	39.059	8.871	51.618	31.27	48.932	19.383	182.462	291.043	1.743	0.538	66.575	98.925	n/a	25.652	10.025	4.256	22.934	63.022	4.526	230.685		13.8	0.761	13.753	3,371.00	37.679	192.98	0.957	63.218	6.733	1.035	3.203	8.797	19.941	307.79	118.49	16.738	2,182.58	872.615	396.915	165.057	227.498	298.866	1,819.05	13.823	4,116.24	38.21	195.005	63.121	0.164	1,392.95	6.309	123.228	7.158	12.548	27.822	54.395	2.035	2.015	29.721	41.776	57.929	10.088	9.514	6.388	313.479	3.031	10.954	9.19	0.195	4.677	11.567	1,161.48	0.307	6.188	12.409	3.985	103.075	16.985	65.775	12.855	21.356	750.782	170.59	12.321	7.119	492.986	397.59	60.179	270.961	0.261	47.473	17.995	29.065	179.911	299.314	481.235	197.51	192.077	174.922	1,235.86	8.468	0.867	1.543	0.326	632.073	13.988	36.555	1.375	4.266	293.959	86.198	42.736	1.205	317.285	12.882	1,221.39	79.524	0.889	1.438	0.765	84.331	5.05	4.305	483.724	676.979	n/a	518.816	8.045	46.192	373.536	4.231	4.152	0.443	27.668	44.272	722.219	44.362	0.034	24.943	90.138	339.085	2,864.90	17,968.20	54.968	65.953	0.771	131.855	198.805	34.929	24.466	13.905
