date	ALB	DZA	ARG	AUS	AUT	BHS	BHR	BGD	BRB	BEL	BLZ	BEN	BOL	BIH	BWA	BRA	BRN	BGR	KHM	CAN	CHL	HKG	MAC	COL	CRI	HRV	CYP	CZE	DNK	DOM	ECU	EGY	SLV	EST	FIN	FRA	GMB	GEO	DEU	GRC	GTM	HUN	ISL	IDN	IRL	ISR	ITA	JAM	JPN	KOR	KWT	LVA	LTU	LUX	MKD	MDG	MYS	MDV	MLT	MUS	MEX	MDA	MNE	MAR	NLD	ANT	NZL	NIC	NOR	PAK	PAN	PRY	PER	PHL	POL	PRT	ROU	RUS	SMR	SEN	SGP	SVK	SVN	SLB	ZAF	ESP	LKA	LCA	SDN	SUR	SWZ	SWE	CHE	SYR	THA	TON	TTO	TUN	TUR	UKR	GBR	USA	URY	VEN	PSE	ZWE
1/1/60					2,364,825.00					3,675,000.00																																																																																												69,627,000.00
1/1/61					2,386,458.33					3,676,000.00																																																																																												70,459,000.00
1/1/62					2,406,191.67					3,716,000.00																																																																																												70,614,583.33
1/1/63					2,413,616.67					3,727,000.00																																																																																												71,832,833.33
1/1/64					2,430,225.00					3,768,000.00																																																																																												73,090,166.67
1/1/65					2,448,325.00					3,787,000.00																																																																																												74,454,333.33
1/1/66					2,449,516.67					3,805,000.00																																																																																												75,775,750.00
1/1/67					2,425,650.00					3,813,000.00																																																																																												77,347,250.00
1/1/68					2,411,633.33					3,826,000.00																																																																																												78,736,666.67
1/1/69					2,425,883.33					3,866,000.00																																																																																												80,732,833.33
1/1/70					2,448,325.00					3,918,000.00																																																							4,711,000.00																																					82,771,083.33
1/1/71					2,507,116.67																																																												4,749,000.00																																					84,382,750.00
1/1/72					2,561,783.33																																																												4,809,000.00																																					87,035,000.00
1/1/73					2,649,633.33																																																												4,846,000.00																																					89,430,250.00
1/1/74					2,698,216.67																																																												4,867,000.00																																					91,950,666.67
1/1/75					2,711,900.00																																																												4,883,000.00																																	1,571,300.00				93,775,416.67
1/1/76					2,741,116.67																																																												4,915,000.00																																					96,158,750.00
1/1/77					2,788,316.67																																																												4,944,000.00																																					99,009,333.33
1/1/78					2,816,291.67																																																												4,949,000.00																																					102,251,166.67
1/1/79					2,830,441.67																																																												4,967,000.00																																					104,964,083.33
1/1/80					2,841,900.00																																																												5,075,000.00				1,939,750.00																	13,044,900.00																106,939,833.33
1/1/81					2,867,858.33																																																												5,154,000.00				1,974,500.00																	13,084,200.00																108,670,166.67
1/1/82					2,871,708.33																																																				5,431,400.00		121.46						5,189,000.00				1,995,250.00																	13,237,000.00																110,204,583.33
1/1/83				6,997,391.67	2,862,116.67																																																				5,671,900.00		121.28						5,232,000.00				2,014,250.00																	13,384,900.00																111,550,250.00
1/1/84				7,135,058.33	2,874,975.00			28,500,000.00																																																	5,862,500.00		121.53						5,253,000.00				2,033,750.00																	13,471,400.00												2,002,100.00				113,543,916.67
1/1/85				7,300,283.33	2,899,116.67			29,500,000.00	113,300.00	4,224,000.00																																						1,041,000.00									5,990,100.00		121.83						5,293,000.00				2,067,500.00																	13,579,600.00									26,848,000.00							115,461,333.33
1/1/86	1,433,000.00			7,584,933.33	2,907,166.67	110,900.00		30,900,000.00	116,900.00	4,208,000.00												2,699,700.00																							1,331,500.00			1,070,000.00									6,222,000.00		123.63						5,515,000.00		1,690,250.00		2,127,750.00					22,364,000.00												13,813,800.00					157,000.00				27,660,000.00			2,194,180.00				117,834,500.00
1/1/87	1,470,400.00			7,753,650.00	2,949,833.33				120,000.00	4,220,000.00												2,728,200.00																							1,357,830.00			1,069,000.00									6,456,800.00		125.60						5,743,000.00		1,692,050.00		2,171,000.00					22,880,000.00												14,306,600.00									28,380,000.00							119,865,166.67				3,260,000.00
1/1/88	1,510,800.00			7,970,175.00	2,969,109.67	124,320.00			121,500.00	4,250,000.00												2,762,800.00																							1,352,100.00			1,074,000.00			730,000.00						6,637,000.00		128.33						5,867,000.00		1,586,450.00		2,183,000.00					23,451,000.00						1,897,000.00						14,620,600.00									30,393,000.00							121,668,833.33
1/1/89	1,544,400.00			8,224,025.00	3,011,467.42	127,400.00		50,148,000.00	124,500.00	4,267,000.00												2,752,800.00										15,698,000.00		842,600.00							2,688,000.00			75,508,000.00	1,432,600.00			1,058,000.00							666,500.00		6,779,400.00		130.10						5,929,000.00		1,574,400.00		2,154,500.00					23,858,000.00												14,819,100.00									31,209,000.00			2,360,000.00				123,845,833.33
1/1/90	1,587,700.00		12,091,000.00	8,440,141.67	3,094,456.67			50,159,000.00	123,800.00	4,294,000.00												2,748,100.00									2,480,000.00	15,964,000.00		831,150.00	2,586,000.00							4,525,000.00		77,802,000.00	1,384,410.00	1,649,900.00	24,075,000.00	1,062,000.00						159,709.00	663,300.00		7,000,200.00		132,000.00					3,895,120.00	6,063,000.00	57,000.00	1,605,300.00	1,214,200.00	2,142,000.00		828,000.00			24,525,000.00												15,019,900.00	6,001,148.00		5,407,246.00	97,000.00		4,577,000.00	3,656,500.00		31,552,000.00	32,013.00						125,839,833.33
1/1/91	1,543,890.00		11,078,000.00	8,486,016.67	3,182,380.42	130,305.00	226,448.00		129,600.00	4,332,000.00	54,687.00				432,000.00			3,623,720.00				2,804,100.00			1,065,000.00		280,000.00		2,912,000.00		2,720,410.00	15,599,000.00	939,000.00	818,675.00					31,360,000.00	3,873,000.00			140,500.00	78,455,200.00	1,409,850.00	1,770,300.00	24,245,000.00	1,077,000.00	65,050,000.00	19,109,000.00				167,505.00	633,400.00		7,200,600.00		135,000.00					4,095,390.00	6,189,000.00		1,627,650.00	1,262,700.00	2,125,750.00		853,509.00	515,000.00	2,513,000.00	25,246,000.00							1,372,900.00	2,617,935.00				15,073,100.00	5,877,198.00	53,148.00				4,552,000.00		3,485,000.00	32,006,000.00		492,000.00					126,346,500.00	1,239,000.00	7,418,000.00
1/1/92		6,222,000.00	11,462,000.00	8,557,083.33	3,248,908.17	134,700.00	231,326.00		132,100.00	4,370,000.00		2,085,000.00	2,365,000.00			66,139,322.00		3,239,590.00	3,964,000.00		4,990,000.00	2,792,300.00	173,000.00	5,286,000.00	1,063,000.00		287,000.00				2,956,510.00	15,862,000.00	1,683,200.00	790,550.00	2,503,275.00				31,882,000.00	4,034,000.00		4,242,000.00	143,000.00	80,302,900.00	1,448,140.00	1,857,500.00		1,075,000.00	65,780,000.00	19,499,000.00		1,367,000.00	1,879,300.00		618,100.00		7,319,000.00		137,000.00	474,000.00		2,065,000.00		4,144,150.00	6,296,000.00		1,636,000.00	1,287,000.00	2,130,000.00		915,950.00			26,289,500.00	17,526,000.00	4,912,575.00	10,465,000.00	73,007,600.00			1,409,900.00		886,650.00			15,424,225.00	5,808,062.00			107,000.00		4,535,575.00			32,839,000.00							128,104,833.33	1,259,000.00	7,538,000.00		3,502,000.00
1/1/93	1,347,210.00	6,560,000.00	11,741,000.00	8,612,900.00	3,277,174.50	136,900.00	239,087.00		132,800.00	4,422,000.00						67,159,425.00		2,856,027.50	4,010,000.00	14,435,000.00	5,219,000.00	2,856,400.00	175,000.00		1,119,000.00			5,211,000.00	2,893,000.00		2,891,630.00	16,494,000.00		748,025.00	2,483,600.00	25,756,000.00	325,300.00		32,105,000.00	4,112,000.00			144,200.00	81,447,000.00	1,477,400.00	1,946,100.00	22,779,600.00	1,083,000.00	66,150,000.00	19,806,000.00		1,320,000.00	1,859,300.00		596,000.00	5,299,563.00	7,700,200.00		138,000.00	485,000.00				4,340,120.00	6,406,000.00		1,681,975.00	1,338,500.00	2,131,000.00	34,726,000.00	940,320.00	587,000.00		26,879,000.00	17,320,750.00	4,911,400.00					1,421,700.00	2,509,000.00	884,960.00			15,523,950.00	6,032,383.00		5,840,900.00	91,658.00		4,440,800.00	3,873,000.00		32,644,000.00	34,782.00	504,000.00		20,384,000.00		28,389,975.00	129,199,583.33	1,261,000.00	7,546,000.00
1/1/94	1,423,400.00	6,810,000.00	11,923,000.00	8,770,500.00	3,824,575.00	138,700.00	247,097.00		134,900.00	4,446,000.00	70,000.00							2,520,540.00		14,573,725.00	5,300,000.00	2,929,000.00	177,400.00	5,261,000.00	1,160,000.00			5,246,750.00	2,777,000.00		2,904,660.00	17,174,000.00	2,010,000.00	730,925.00	2,468,550.00				32,088,000.00	4,188,400.00	2,325,700.00	4,201,175.00	145,400.00	85,775,000.00	1,503,000.00	2,029,675.00	22,646,725.00	1,091,000.00	66,450,000.00	20,353,000.00		1,300,000.00	1,740,700.00		581,610.00		7,845,500.00		135,466.00	499,000.00					6,466,000.00		1,774,925.00	1,419,300.00	2,150,750.00	33,324,000.00	967,270.00	1,053,000.00	2,930,000.00	27,653,750.00	17,131,500.00	4,996,550.00					1,456,100.00	2,510,600.00	873,290.00		9,940,000.00	15,662,300.00	6,078,863.00			89,549.00		4,416,500.00			32,515,000.00	35,033.00		2,772,380.00			28,351,500.00	131,061,750.00	1,307,000.00	8,026,500.00
1/1/95	1,308,830.00	7,560,000.00	12,306,000.00	8,995,400.00	3,850,950.00	143,030.00	255,360.00		137,000.00	4,532,400.00			1,316,700.00		436,530.00	74,138,441.00		2,265,362.50		14,689,208.33	5,273,940.00	3,000,700.00	187,100.00		1,231,572.00		302,100.00	5,257,491.67	2,796,750.00	3,132,367.00	3,104,270.00	17,364,600.00	2,136,450.00	701,400.00	2,489,150.00	26,082,900.00			40,083,000.00	4,248,500.00		4,095,380.00	149,000.00	86,361,261.00	1,558,600.00	2,110,000.00	22,642,050.00	1,150,000.00	66,660,000.00	20,797,000.00	747,530.00		1,752,600.00	172,665.32	572,820.00		7,893,100.00	66,950.00	138,200.00	483,960.00	35,558,484.00			4,863,140.00	6,596,000.00	62,200.00	1,824,050.00	1,478,100.00	2,186,250.00	33,191,000.00	1,007,882.00		3,102,640.00	28,379,500.00	17,068,000.00	5,000,875.00	12,120,197.00	69,469,400.00			1,748,000.00	2,480,900.00	866,720.00		9,727,810.65	15,790,675.00	6,106,140.00			90,100.00		4,454,150.00	3,871,000.00		32,887,000.00		521,000.00		22,078,000.00	25,562,100.00	28,438,050.00	132,304,000.00	1,343,000.00	8,544,700.00
1/1/96	1,273,920.00	7,810,000.00	12,526,000.00	9,114,990.00	3,819,700.00	146,635.00	263,900.00	36,100,000.00	135,780.00	4,533,100.00	75,450.00	3,211,258.00			439,933.00	72,996,977.00		2,721,170.00	4,679,600.00	14,853,541.67	5,600,670.00	3,160,800.00	202,400.00	6,190,206.00	1,220,914.00	1,590,600.00	306,000.00	5,132,566.67	2,806,500.00	2,964,971.00	3,223,460.00		2,227,409.00	687,700.00	2,500,675.00	26,403,900.00			39,455,000.00	4,313,990.00		4,048,150.00	147,500.00	89,988,447.00	1,607,730.00	2,156,950.00	22,744,450.00	1,142,000.00	67,110,000.00	21,188,000.00	1,140,090.00	1,182,200.00	1,783,500.00	174,611.21	789,080.00		8,616,100.00		142,146.50	482,300.00	36,580,746.00	1,686,000.00		4,875,170.00	6,686,000.00	66,200.00	1,873,425.00	1,537,000.00	2,239,750.00	34,342,000.00	1,012,109.00		6,500,900.00	29,732,500.00	17,076,250.00	5,062,525.00	11,726,402.00	68,264,200.00			1,511,500.00	2,502,500.00	862,010.00		11,523,316.06	16,060,025.00	6,241,890.00		7,982,963.00			4,467,250.00	3,925,000.00		32,542,900.00	33,908.00	530,380.00		22,259,000.00	26,111,500.00	28,607,475.00	133,944,750.00	1,333,900.00
1/1/97	1,301,210.00	8,070,000.00	12,971,000.00	9,220,500.00	3,824,775.00	149,939.00	272,660.00		135,800.00	4,541,500.00	80,940.00		3,645,170.00			75,213,280.00		2,678,510.00	4,904,000.00	15,079,133.33	5,683,820.00	3,234,800.00	202,300.00	6,488,413.00	1,301,625.00	1,588,600.00	307,600.00	5,159,483.33	2,833,250.00	3,594,308.00	3,373,820.00		2,256,055.00	683,025.00	2,488,550.00	26,403,900.00		1,999,400.00	39,694,000.00	4,294,400.00		3,995,100.00	147,800.00	91,247,306.00	1,634,380.00	2,209,925.00	22,848,150.00	1,143,000.00	67,870,000.00	21,604,000.00	1,216,550.00	1,186,100.00	1,773,650.00	176,941.19	800,510.00		8,784,100.00		143,864.50	490,800.00	38,344,658.00			5,067,600.00	6,832,000.00	65,610.00	1,889,375.00	1,598,000.00	2,283,916.67	36,407,000.00	1,049,371.00		7,311,943.00	30,355,000.00	17,099,750.00	5,151,950.00	11,756,495.00				1,538,300.00	2,543,310.00	868,620.00		11,671,428.57	16,352,050.00	6,218,304.00	70,250.00				4,438,075.00	3,928,000.00		33,338,600.00		541,030.00	2,978,330.00	22,359,000.00	26,085,600.00	28,779,825.00	136,296,750.00	1,323,900.00	9,507,130.00		4,921,030.00
1/1/98	1,320,140.00	8,326,000.00	13,077,000.00	9,342,900.00	3,833,450.00	156,490.00	281,480.00		136,280.00	4,581,900.00	85,600.00				556,890.00	76,885,730.00		2,527,172.50	5,038,380.00	15,316,358.33	5,758,477.50	3,276,100.00	206,000.00	6,653,171.00	1,376,540.00	1,672,600.00	311,100.00	5,157,125.00	2,827,250.00	3,594,308.00	3,560,480.00	18,027,000.00	2,403,194.00	672,650.00	2,512,325.00	26,435,100.00		1,972,774.06	39,709,000.00	4,519,400.00		4,009,580.00	152,100.00	92,736,083.00	1,645,500.00	2,265,775.00	23,116,200.00	1,129,000.00	67,930,000.00	21,390,000.00		1,167,800.00	1,738,675.00	180,474.79	823,820.00		8,889,500.00		144,122.75	499,400.00	39,507,100.00	1,659,000.00		5,137,600.00	6,941,000.00	61,820.00	1,894,500.00	1,661,300.00	2,322,166.67	38,174,000.00	1,083,580.00		7,511,743.00	29,674,000.00	17,171,500.00	5,151,025.00	11,577,349.00	66,736,000.00			1,546,500.00	2,513,750.00	871,250.00		12,551,587.30	16,630,700.00	6,693,039.00	71,930.00				4,421,075.00	3,974,800.00	4,411,000.00	33,352,000.00		558,700.00		23,415,000.00	25,935,500.00	28,945,625.00	137,673,166.67	1,227,500.00		631,250.00
1/1/99	1,304,890.00	8,589,000.00	13,455,000.00	9,470,000.00	3,852,675.00	157,640.00	291,140.00		136,630.00	4,377,250.00	89,210.00		3,637,890.00			79,315,290.00		2,488,852.50	5,830,000.00	15,588,316.67	5,826,927.50	3,319,600.00	209,400.00	7,056,077.00	1,383,452.00	1,686,400.00	318,200.00	5,168,175.00	2,847,200.00		3,769,578.00	18,615,800.00	2,444,959.00	659,800.00	2,558,525.00			1,939,292.40	39,647,175.00	4,579,125.00	3,981,980.00	4,070,475.00	156,500.00	94,847,180.00	1,713,775.00	2,345,075.00	23,284,850.00	1,112,000.00	67,790,000.00	21,634,000.00		1,156,800.00	1,705,500.00	184,440.19	806,670.00		9,144,750.00		145,900.00	506,600.00	39,751,400.00	1,682,000.00		10,278,000.00	7,069,000.00	60,770.00	1,910,025.00	1,728,900.00	2,333,000.00	39,400,000.00	1,089,422.00		7,836,190.00	30,759,000.00		5,191,275.00	11,469,300.00	69,731,000.00			1,595,900.00	2,546,275.00	952,800.00	249,170.00	13,527,000.00	17,000,075.00	6,704,814.00	73,070.00		85,880.00		4,449,075.00	3,983,600.00	4,527,259.00	33,209,400.00		563,430.00	2,956,400.00	23,779,000.00	22,562,100.00	29,286,450.00	139,367,500.00	1,219,800.00	10,209,848.42	672,000.00	4,963,262.00
1/1/00	1,283,090.00	8,850,000.00	13,780,000.00	9,590,487.17	3,859,275.00		300,890.00	40,700,000.00	138,700.00	4,394,650.00			3,575,700.00		574,151.00	77,467,470.00		3,355,400.00	5,409,000.00	15,841,933.33	5,846,760.00	3,374,200.00	209,500.00	7,435,663.00	1,535,392.00	1,698,800.00	324,900.00	5,135,575.00	2,835,700.00	3,532,535.00	3,709,252.00		2,363,353.00	685,525.00	2,589,525.00	26,226,350.00		2,049,231.81	39,580,150.00	4,605,475.00		4,085,100.00	160,100.00	95,651,000.00	1,767,675.00	2,435,025.00	23,487,775.00	1,107,000.00	67,660,000.00	22,134,000.00		1,131,900.00	1,671,500.00	189,461.83	811,557.00		9,325,528.25	86,250.00	154,635.00	512,000.00	39,633,800.00	1,654,650.00		10,213,000.00	8,163,975.00	58,380.00	1,929,025.00	1,815,300.00	2,331,275.00	39,974,000.00	1,087,149.00		3,714,000.00	30,911,000.00	17,319,175.00	5,282,200.00	11,528,100.00	70,163,000.00				2,583,625.00	965,400.00		16,145,000.00	17,601,150.00	6,708,620.00	76,010.00				4,493,525.00	3,985,000.00	4,937,000.00	33,798,800.00		572,900.00	3,027,800.00	20,579,000.00	22,830,800.00	28,919,200.00	142,582,666.67	1,235,300.00	10,271,887.42	695,500.00
1/1/01	1,101,080.00	9,075,000.00	13,914,000.00	9,746,218.08	3,898,075.00	164,650.00	332,521.00		145,080.00	4,341,375.00	94,430.00		3,884,250.00		589,780.00	83,951,780.00		3,367,750.00	5,225,000.00	16,104,900.00	5,861,387.50	3,427,300.00	219,000.00	19,617,398.00	1,653,321.00	1,728,500.00	315,400.00	5,101,825.00	2,867,075.00	3,557,988.00	4,124,177.00	19,253,000.00	2,445,467.00	677,875.00	2,604,775.00	26,384,700.00		2,113,301.38	39,631,200.00	4,689,925.00		4,096,275.00	162,700.00	98,812,450.00	1,816,900.00	2,498,900.00	23,687,675.00	1,108,000.00	67,520,000.00	22,471,000.00		1,105,500.00	1,635,800.00	194,829.08	862,504.00		9,390,501.75		158,350.00	512,000.00	39,424,839.25	1,616,700.00		10,126,000.00	8,316,200.00	56,250.00	1,974,300.00	1,900,400.00	2,346,050.00	40,662,000.00	1,153,950.00		3,850,000.00	32,809,000.00	17,373,425.00	5,381,425.00	11,433,525.00	70,648,000.00			1,644,300.00	2,625,600.00	976,275.00		16,182,000.00	18,050,775.00	6,772,834.00	75,090.00				4,588,100.00	4,038,700.00	5,276,000.00	33,815,391.67		576,450.00	3,101,900.00	23,488,250.00	22,754,975.00	29,076,225.00	143,733,833.33	1,269,400.00	10,850,823.33	684,722.00
1/1/02	1,091,140.00	9,305,000.00	14,336,000.00	9,815,264.73	3,879,625.00	167,970.00	307,454.00		143,375.00	4,400,575.00	94,170.00	2,583,200.00	3,824,940.00			86,917,350.00		3,354,825.00		16,560,700.00	5,913,875.00	3,474,025.00	218,600.00	18,861,825.00	1,695,018.00	1,797,400.00	326,100.00	5,105,375.00	2,854,250.00	3,701,798.00	3,813,291.00	20,176,400.00	2,366,969.00	664,625.00	2,609,600.00	26,653,100.00		2,104,191.41	39,665,350.00	4,745,200.00		4,099,650.00	162,000.00	100,779,300.00	1,859,750.00	2,546,725.00	23,887,025.00	1,208,200.00	66,891,666.67	22,921,000.00		1,091,700.00	1,625,450.00	198,419.89	824,824.00		9,580,185.00		159,575.00	513,000.00	40,085,375.50	1,614,975.00		10,335,000.00	8,468,725.00	58,110.00	2,017,275.00	1,926,100.00	2,362,775.00	42,388,000.00	1,221,914.00		3,984,500.00	33,935,500.00	17,204,425.00	5,469,825.00	10,456,950.00	71,919,000.00			2,236,375.00	2,607,750.00	970,850.00		16,431,000.00	18,961,100.00	7,145,367.50	75,550.00				4,600,925.00	4,079,200.00	5,459,000.00	34,227,500.00		586,175.00	3,181,500.00	23,936,250.00	22,372,375.00	29,311,650.00	144,863,000.00	1,249,600.00	11,673,900.00	703,500.00
1/1/03	1,093,000.00	8,762,000.00	12,745,553.03	9,988,738.79	3,979,125.00	173,795.00	331,379.00	46,300,000.00	145,375.00	4,432,625.00	102,440.00					21,293,330.00	162,600.00	3,288,250.00		16,944,200.00	6,065,620.00	3,472,500.00	218,500.00	19,392,200.00	1,757,578.00	1,793,350.00	341,200.00	5,100,150.00	2,861,950.00	3,712,787.00	3,992,284.00	20,546,000.00	2,450,081.00	672,700.00	2,599,675.00	27,043,075.00		2,050,785.30	39,735,125.00	4,813,275.00		4,161,400.00	162,580.00	100,315,000.00	1,897,325.00	2,609,975.00	24,104,500.00	1,187,000.00	66,693,333.33	22,956,500.00		1,089,050.00	1,636,575.00	194,600.00	860,976.00	8,481,475.00	9,904,821.50		160,300.00	520,900.00	40,866,258.75	1,473,550.00		10,844,750.00	8,516,675.00	61,410.00	2,058,050.00	1,999,400.00	2,357,625.00	45,230,000.00	1,250,874.00		3,993,375.00	34,570,750.00	16,925,275.00	5,489,450.00	9,922,200.00	72,391,000.00			2,222,350.00	2,618,925.00	961,250.00		16,207,500.00	19,742,850.00	7,531,142.00	82,070.00				4,620,650.00	4,119,500.00	5,093,000.00	34,881,358.33		596,500.00	3,261,600.00	23,787,000.00	22,171,300.00	29,537,000.00	146,509,916.67	1,240,500.00		792,500.00
1/1/04	1,082,250.00	9,470,000.00	10,701,841.85	10,103,412.38	3,890,025.00	176,330.00	373,309.00		146,050.00	4,517,950.00	108,490.00					21,752,750.00	167,200.00	3,326,100.00		17,147,100.00	6,607,652.50	3,515,925.00	230,300.00	19,286,325.00	1,768,759.00	1,819,650.00	351,700.00	5,116,300.00	2,897,925.00	3,933,660.00	4,220,609.00	20,861,250.00	2,417,670.00	669,900.00	2,593,400.00	27,267,275.00		2,040,958.57	39,967,975.00	4,909,525.00		4,152,850.00	161,391.67	103,973,820.00	1,952,925.00	2,678,550.00	24,306,925.00	1,195,400.00	66,420,000.00	23,417,000.00		1,092,100.00	1,593,825.00	198,150.00	832,281.00		10,015,714.75		159,625.00	531,700.00	41,962,317.25	1,432,500.00		11,069,568.75	8,571,825.00	61,340.00	2,114,575.00		2,368,500.00	45,508,000.00	1,294,618.00		4,104,350.00	35,862,250.00	17,003,375.00	5,476,825.00	9,896,450.00	72,950,000.00			2,252,350.00	2,647,525.00	1,006,700.00		15,989,000.00	20,376,000.00	8,042,552.70	78,792.50				4,636,275.00	4,137,400.00	4,948,000.00	35,715,795.83		613,475.00	3,328,600.00	24,187,750.00	22,202,400.00	29,766,150.00	147,401,166.67	1,242,200.00	12,067,250.00	835,500.00
1/1/05	1,086,250.00	9,656,000.00	10,764,060.20	10,404,224.05	3,970,675.00	178,705.00	418,172.00		146,775.00	4,625,675.00	110,790.00					21,989,960.00	174,500.00	3,319,425.00		17,292,100.00	6,798,405.00	3,538,075.00	247,700.00	19,328,800.00	1,903,068.00	1,812,650.00	367,550.00	5,174,275.00	2,892,100.00	3,992,210.00	4,225,446.00	21,778,250.00	2,461,186.00	669,550.00	2,620,825.00	27,462,175.00		2,023,859.93	40,867,625.00	4,937,025.00		4,203,725.00	165,925.00	105,830,044.00	2,042,000.00	2,740,075.00	24,284,275.00	1,191,050.00	66,445,833.33	23,742,800.00		1,080,850.00	1,564,950.00	203,100.00	869,187.00		10,134,569.00		160,375.00	542,125.00	42,332,565.00	1,422,325.00	198,178.58	11,124,000.00	8,599,450.00	62,740.00	2,166,825.00		2,391,125.00	46,482,000.00	1,325,150.00		4,120,050.00	35,381,550.00	17,133,575.00	5,517,075.00	9,815,075.00	73,432,000.00			2,348,050.00	2,642,250.00	1,015,475.00		16,766,000.00	21,140,500.00	8,126,233.00					4,697,425.00	4,159,010.00	5,106,000.00	36,049,780.83		623,725.00	3,359,100.00	22,448,416.67	22,280,800.00	30,107,450.00	149,320,333.33	1,269,400.00	11,971,881.17	827,000.00
1/1/06	1,083,260.70	10,110,000.00	11,038,443.45	10,632,715.38	4,037,750.00	180,255.00	460,265.00	49,500,000.00	143,400.00	4,647,225.00	112,806.00					22,526,400.00	181,700.00	3,418,500.00		17,502,200.00	6,802,752.50	3,581,525.00	274,600.00	19,209,325.00	1,945,955.00	1,801,300.00	374,300.00	5,199,325.00	2,919,125.00	4,100,432.00	4,373,435.00	22,726,000.00	2,501,328.00	692,450.00	2,647,975.00	27,632,400.00		2,021,797.35	41,276,050.00	4,975,775.00		4,245,375.00	174,791.67	106,335,368.00	2,140,500.00	2,809,725.00	24,411,850.00	1,253,050.00	66,586,666.67	23,978,200.00		1,108,925.00	1,516,450.00	204,800.00	891,679.00		10,402,760.00		162,425.00	546,150.00	43,552,540.75	1,357,200.00	193,742.17	11,559,380.25	8,680,200.00	60,980.00	2,223,250.00		2,437,475.00	50,055,000.00	1,332,060.00		4,219,050.00	35,464,250.00	16,904,850.00	5,555,050.00	10,009,950.00	74,146,000.00			2,496,375.00	2,655,025.00	1,021,975.00		17,340,500.00	21,779,850.00	7,602,021.00					4,765,700.00	4,219,959.00	5,293,000.00	36,433,434.17		625,225.00	3,434,600.00	22,769,750.00	22,245,400.00	30,680,700.00	151,427,583.33	1,580,500.00	12,186,537.83	872,425.00
1/1/07	1,079,574.70	9,969,000.00	11,141,896.38	10,911,869.68	4,123,825.00	186,105.00	503,784.00		143,700.00	4,733,275.00	122,261.00					22,534,600.00	184,800.00	3,494,850.00		17,846,500.00	6,944,385.00	3,624,775.00	302,800.00	19,279,775.00	2,018,444.00	1,924,475.00	393,475.00	5,198,500.00	2,914,450.00	4,202,276.00	4,501,153.50	23,657,500.00	2,464,400.00	689,100.00	2,674,875.00	27,854,425.00		1,965,259.21	41,461,900.00	4,982,300.00		4,213,975.00	181,616.67	109,036,179.00	2,248,075.00	2,893,800.00	24,375,425.00	1,277,025.00	66,688,333.33	24,215,700.00		1,125,450.00	1,516,075.00	211,650.00	907,138.00		10,604,314.75		166,125.00	547,075.00	44,331,094.00	1,313,825.00	190,897.92	11,421,370.00	8,818,250.00	61,710.00	2,255,525.00	2,273,385.00	2,497,400.00	50,330,000.00			4,384,175.00	36,212,750.00	16,819,725.00	5,588,750.00	9,987,575.00	75,133,333.33			2,697,275.00	2,651,175.00	1,034,950.00		17,338,000.00	22,425,925.00	7,488,898.30					4,838,425.00	4,413,000.00	5,400,000.00	36,954,786.67		622,350.00	3,521,700.00	23,150,833.33	22,322,300.00	30,884,900.00	153,124,333.33		12,366,135.08
1/1/08	1,102,892.20	10,315,000.00	11,153,988.95	11,205,636.15	4,166,300.00	191,595.00	578,307.00		143,825.00	4,779,125.00	124,637.00			1,229,895.17		22,934,160.00	188,800.00	3,562,200.00		18,122,400.00	7,203,222.00	3,636,600.00	327,000.00	19,664,153.15	2,059,613.00	1,935,775.00	397,100.00	5,232,500.00	2,954,525.00	4,259,153.00	4,484,365.00	24,656,900.00	2,495,908.00	693,750.00	2,702,875.00	28,047,700.00		1,917,781.20	41,559,475.00	4,998,475.00		4,174,825.00	184,616.67	111,712,353.00	2,274,150.00	2,957,025.00	24,754,600.00	1,296,100.00	66,499,166.67	24,346,600.00		1,143,425.00	1,515,100.00	212,875.00	919,424.00		10,880,342.25		168,575.00	539,650.00	47,130,219.00	1,302,800.00	196,293.58	11,486,701.75	8,910,625.00	63,020.00	2,295,450.00	2,308,300.00	2,579,200.00	51,780,000.00	1,484,532.00		4,413,200.00	36,804,250.00	16,965,100.00	5,590,100.00	9,918,375.00	75,725,000.00			2,956,875.00	2,687,500.00	1,041,850.00		17,788,250.00	23,065,650.00	7,568,715.00					4,897,725.00	4,499,000.00	5,431,689.00	37,646,908.33		626,625.00	3,603,800.00	23,796,250.00	22,397,400.00	31,276,650.00	154,286,750.00		12,587,324.67
1/1/09	1,047,099.00	10,544,000.00	11,386,259.40	11,441,817.53	4,205,175.00	184,020.00			142,750.00	4,800,200.00			2,214,104.75	1,198,864.83		23,148,130.00	194,800.00	3,493,875.00		18,250,400.00	7,299,834.25	3,661,300.00	323,400.00	20,941,016.33	2,151,270.00	1,934,975.00	404,425.00	5,286,525.00	2,947,450.00	4,220,380.00	4,503,400.00	25,135,000.00		687,125.00	2,678,025.00	28,296,875.00		1,991,766.16	41,568,850.00	5,040,975.00		4,165,475.00	181,041.67	113,788,844.00	2,229,100.00	3,072,833.43	24,605,225.00	1,270,425.00	66,172,500.00	24,394,300.00		1,101,500.00	1,528,150.00	228,950.00	928,775.00		11,318,955.83		171,225.00	541,100.00	48,339,845.50	1,265,334.00	202,964.75	11,505,155.75	8,977,100.00	62,627.00	2,173,250.00	2,282,700.00	2,581,225.00	53,720,000.00	1,540,876.00		4,517,000.00	37,891,750.00	17,227,250.00	5,541,650.00	9,867,225.00	75,708,333.33			3,045,375.00	2,687,325.00	1,041,650.00		18,596,800.00	23,260,350.00	7,572,363.00					4,908,075.00	4,567,750.00	5,442,182.00	38,365,495.00		620,975.00	3,689,200.00	24,747,750.00	22,150,300.00	31,427,425.00	154,142,083.33		12,932,632.83	950,675.00
1/1/10	1,048,086.40	10,812,000.00	11,412,257.83	11,628,228.31	4,220,175.00				142,125.00	4,894,475.00			2,284,426.25	1,207,075.75		23,610,502.50	198,800.00	3,404,325.00		18,450,500.00	7,762,632.65	3,634,875.00	323,900.00	21,776,436.50	2,051,690.00	1,912,675.00	421,750.00	5,268,750.00	2,924,400.00	4,378,800.00	4,475,805.75	26,182,750.00		681,725.00	2,671,725.00	28,410,350.00		1,944,946.65	41,558,600.00	5,029,250.00		4,201,900.00	181,091.67	116,262,804.00	2,184,975.00	3,147,125.81	24,582,600.00	1,249,425.00	65,902,500.00	24,748,400.00		1,056,175.00	1,518,150.00	231,300.00	938,294.00		11,679,141.66		174,625.00	551,550.00	49,013,369.25	1,241,231.15	192,549.92	11,493,011.50	8,805,425.00		2,207,000.00	2,811,800.30	2,593,775.00	56,330,000.00		1,196,619.00	4,707,175.00	38,893,500.00	17,123,375.00	5,545,425.00	9,364,575.00	75,441,666.67	22,712.17		3,128,150.00	2,706,500.00	1,041,575.00		18,352,200.00	23,364,475.00	7,610,389.50					4,948,450.00	4,587,750.00	5,530,801.00	38,615,098.33		618,850.00	3,769,200.00	25,661,583.33	22,051,600.00	31,584,500.00	153,888,666.67		13,111,308.33	975,625.00
1/1/11	1,067,725.50	10,661,000.00	11,598,449.88	11,815,202.74	4,246,175.00	190,445.00			144,550.00	4,856,025.00				1,223,026.00		23,898,209.17		3,341,175.00		18,619,600.00	8,060,947.63	3,704,625.00	336,300.00	22,445,606.43	2,030,854.75	1,882,400.00	431,950.00	5,223,200.00	2,924,225.00	4,580,604.00	4,434,156.75	26,532,000.00		688,475.00	2,682,425.00	28,424,300.00		1,959,293.46	41,185,925.00	4,936,350.00		4,225,050.00	180,100.00	118,384,930.00	2,165,850.00	3,204,200.00	24,659,475.00		65,445,000.00	25,098,900.00		1,028,075.00	1,481,625.00	236,275.00	940,048.25		12,608,691.70		178,075.00	548,650.00	50,018,964.75	1,257,500.00	194,085.58	11,556,000.00	8,725,625.00		2,376,000.00	2,996,700.00	2,622,275.00	57,240,000.00	1,559,571.00	1,237,784.25	4,786,325.00	40,005,500.00	17,220,650.00	5,428,100.00	9,187,400.00	75,741,666.67	22,328.75		3,238,800.00	2,679,950.00	1,019,375.00		19,176,000.00	23,433,925.00	7,737,745.00					5,016,375.00	4,716,000.00	5,815,523.00	38,900,435.83			3,844,600.00	26,691,916.67	22,056,900.00	31,841,600.00	153,616,666.67		13,247,984.75	1,059,200.00
1/1/12	1,097,596.60	11,423,000.00	11,686,965.43	11,972,510.96	4,293,225.00	192,205.00			141,725.00	4,892,650.00	151,011.00			1,231,517.25		24,294,647.25		3,344,200.00		18,809,500.00	8,149,957.80	3,781,350.00	350,200.00	23,090,643.85	2,196,672.25	1,862,850.00	436,725.00	5,256,725.00	2,907,400.00	4,677,543.00	4,543,112.75	26,915,500.00		683,425.00	2,689,975.00	28,651,975.00		2,029,089.27	41,350,725.00	4,889,975.00		4,300,200.00	180,141.67	119,235,078.00	2,154,100.00	3,606,025.00	25,256,950.00	1,281,925.00	65,545,833.33	25,500,600.00		1,030,625.00	1,472,475.00	248,825.00	943,055.25		12,938,000.00		181,800.00	557,800.00	51,228,767.00	1,214,550.00	204,453.42	11,565,750.00	8,860,850.00		2,343,625.00		2,670,925.00			1,278,218.50	4,815,925.00	40,425,250.00	17,339,925.00	5,382,625.00	9,232,550.00	75,683,333.33	22,071.85		3,363,625.00	2,706,450.00	1,013,525.00		19,199,950.00	23,443,675.00						5,060,125.00	4,775,662.00		39,415,893.33		646,000.00	3,914,400.00	27,351,000.00	22,011,500.00	32,130,175.00	154,974,666.67		13,490,317.92	1,114,175.00
1/1/13	1,068,951.70	11,964,000.00	11,779,117.40	12,145,789.23	4,336,225.00				142,850.00	4,947,050.00	148,736.00			1,133,000.00		24,433,390.42		3,371,175.00		19,037,800.00	8,231,482.40	3,858,825.00	367,800.00	23,291,556.83	2,211,749.75	1,841,525.00	433,825.00	5,307,075.00	2,889,850.00	4,729,044.00	4,637,321.50	27,168,000.00		680,100.00	2,676,225.00	28,777,075.00		2,003,882.07	41,713,350.00	4,843,450.00		4,333,975.00	184,933.33	123,034,075.25	2,163,400.00	3,677,850.00	25,259,025.00	1,308,600.00	65,765,833.33	25,873,400.00		1,014,125.00	1,465,275.00	253,725.00	956,057.00		13,785,341.68		187,600.00	570,150.00	51,787,086.50	1,235,850.00	203,927.25	11,719,500.00	8,931,925.00		2,395,950.00		2,696,600.00	59,740,000.00		1,357,513.00	4,889,575.00	41,022,250.00	17,360,525.00	5,284,625.00	9,201,875.00	75,533,333.33	21,962.60		3,498,200.00	2,715,500.00	1,007,650.00		19,751,675.00	23,190,000.00	8,802,112.75					5,115,475.00	4,836,701.79		39,397,974.17			3,952,850.00	28,270,083.33	21,980,600.00	32,392,725.00	155,389,166.67		13,833,015.75	1,119,450.00
1/1/14			11,918,112.73	12,309,755.58	4,357,425.00					4,966,800.00				1,120,000.00		24,262,610.00		3,365,875.00		19,124,500.00	8,438,905.30	3,885,158.33	394,700.00	23,662,013.25	2,290,380.75	1,892,925.00	432,250.00	5,298,075.00	2,905,875.00					674,575.00	2,679,500.00	28,827,900.00		1,991,140.99	41,961,075.00	4,810,500.00		4,443,825.00	187,008.33	125,114,487.00	2,157,150.00	3,778,333.33	25,514,925.00	1,307,450.00	65,867,500.00	26,535,900.00		992,400.00	1,476,775.00	261,375.00	958,997.75		13,998,693.83		192,400.00	574,275.00	51,924,053.25	1,252,175.00		11,845,750.00	8,895,825.00		2,464,225.00		2,723,100.00			1,383,786.75	4,937,400.00	40,881,250.00	17,428,275.00	5,225,550.00	9,242,250.00	75,433,333.33	21,735.93		3,631,069.50	2,721,775.00	1,015,025.00		20,216,500.00	22,954,675.00	8,785,527.25					5,183,375.00	4,917,951.84		38,575,329.17				28,768,416.67	19,920,900.00	32,637,275.00	155,921,750.00		14,175,552.92	1,255,025.00	
