date	ABW	AND	AFG	AGO	ALB	ARB	ARE	ARG	ARM	ASM	ATG	AUS	AUT	AZE	BDI	BEL	BEN	BFA	BGD	BGR	BHR	BHS	BIH	BLR	BLZ	BMU	BOL	BRA	BRB	BRN	BTN	BWA	CAF	CAN	CEB	CHE	CHI	CHL	CHN	CIV	CMR	COG	COL	COM	CPV	CRI	CSS	CUB	CUW	CYM	CYP	CZE	DEU	DJI	DMA	DNK	DOM	DZA	EAP	EAS	ECA	ECS	ECU	EGY	EMU	ERI	ESP	EST	ETH	EUU	FCS	FIN	FJI	FRA	FRO	FSM	GAB	GBR	GEO	GHA	GIN	GMB	GNB	GNQ	GRC	GRD	GRL	GTM	GUM	GUY	HIC	HKG	HND	HPC	HRV	HTI	HUN	IDN	IMN	IND
1/1/1960	26683	5574	8255331	4720831	1114818	63558203	24542	5441168	909889	6762	32997	1898168	2486372	1845144	2728859	690173	2206087	4602314	45725596	4948578	28730	44126	2602475	5541766	42326	0	2335665	39045770	146003	46312	216049	507994	1201297	5540868	50720637	2609623	67074	2475242	558984648	2860428	4614153	693279	9058773	165044	168572	876422	2866619	2970638	31568	0	368806	3884203	20836712	41546	37302	1205031	2298284	7730687	744827185	799992005	95607546	297417869	3005607	16821705	100593376	1270373	13227520	514503	20726230	158832585	98043211	1980489	276623	17845587	26939	34601	412340	11295344	2075477	5105496	3202786	323303	532576	187732	3671291	62604	13476	2843019	33272	400547	334750413	455190	1546862	142608688	2891624	3263310	4401831	74987096	21739	369064480
1/1/1961	27296	5609	8385191	4787727	1146208	64600649	25869	5402332	925591	6831	33774	1893125	2493385	1919793	2780301	683837	2222953	4659834	46976059	4862618	29660	45521	2631967	5498539	43828	0	2369612	39503508	146304	46932	220602	519958	1211899	5541960	50539793	2626340	67966	2467556	550002064	2920887	4681362	703870	9114917	166223	171052	907521	2911961	3018864	31403	0	367884	3828621	20768071	42968	37895	1179808	2345543	7778456	739999318	795506857	96316229	297227728	3064932	17166557	100232858	1296317	13124738	510808	21163501	158290687	99694216	1948522	283997	17741016	27040	35592	411759	11418528	2090349	5232513	3236388	330281	537712	188407	3657099	63408	13545	2893094	33199	412959	334431914	465932	1586616	145407039	2876785	3313411	4379303	76778847	21592	375980213
1/1/1962	27694	5618	8521053	4853505	1180553	65667909	27782	5371521	940639	6955	34672	1897359	2505220	1997761	2832162	675039	2241144	4717616	48224941	4768184	30545	46989	2658843	5456899	45374	0	2404298	39967688	146709	47427	225317	532753	1223251	5492247	50352155	2658208	68915	2461756	551084460	2984547	4751458	714819	9165187	167297	174546	939717	2957798	3071355	31474	0	365829	3796447	20903401	44633	38443	1157609	2391158	7807385	745309719	800546460	96980874	297064339	3125492	17529440	99834802	1323123	12934262	508171	21625097	157809721	101375395	1924044	291634	17568965	27081	36584	409915	11588798	2103850	5360011	3269526	335450	542438	190272	3604016	64043	13508	2944002	33193	425862	333495920	476544	1627937	148288675	2857389	3364298	4350895	78620621	21576	382784041
1/1/1963	27935	5600	8663230	4918838	1214693	66735330	29935	5338650	954695	7114	35673	1891393	2517777	2077676	2886190	665612	2260567	4776779	49524053	4666744	31386	48480	2683989	5414847	46977	0	2439768	40416004	147171	47836	230228	546422	1235311	5441341	50175481	2679371	69911	2454791	561172774	3050622	4824262	726104	9209372	168328	178947	970782	3002437	3126346	31570	0	363067	3767312	21050022	46500	38981	1135659	2435661	7830844	759713901	814670163	97604973	296659523	3189908	17893597	99246236	1350770	12735859	505607	22107741	157145688	103095640	1899880	299226	17226723	27087	37613	408251	11749886	2116256	5483782	3302967	339028	547184	192290	3542618	64512	13474	2995688	33224	438611	332266801	483476	1669613	151249985	2835932	3415864	4319558	80513102	21685	389803759
1/1/1964	28107	5555	8811623	4982531	1248887	67790628	31903	5303190	967334	7283	36732	1886106	2531075	2157742	2944700	657593	2281145	4839103	50901113	4561889	32188	49947	2704966	5370261	48659	0	2476046	40827667	147605	48207	235372	560330	1247901	5390322	50005251	2687186	70945	2446639	570563019	3117966	4899463	737654	9246389	169391	184037	996045	3043603	3181050	31616	0	360596	3742092	21171231	48464	39559	1113984	2478601	7852085	773535552	828174780	98166718	296132404	3257439	18257779	98616194	1379160	12549483	503223	22605740	156441716	104875107	1872544	306348	16863235	27078	38726	406893	11901600	2127156	5598300	3337829	340589	552539	194816	3480851	64826	13335	3051189	33255	450328	330880475	485492	1709927	154282327	2812582	3467874	4290506	82462148	21887	397004137
1/1/1965	28278	5483	8966661	5044166	1282417	68814190	33486	5265788	978380	7447	37814	1880728	2544011	2236571	3008401	649491	2302815	4905879	52367107	4450351	32786	51338	2720389	5327265	50428	0	2513304	41192602	147953	48571	240788	572871	1261042	5334312	49746715	2681269	72002	2437561	585836641	3185903	4976952	749477	9376456	170537	189601	1020682	3080364	3233492	31610	0	359110	3714591	21304018	50458	40206	1092288	2519806	7873789	793358130	847668559	98593598	295350184	3326476	18620730	97952613	1408290	12373341	500376	23115773	155625685	106693410	1841101	312741	16472329	27071	39943	405907	12053854	2135939	5700639	3374543	342607	558929	198023	3422784	65000	13308	3121134	33262	460410	329254430	488523	1747915	157406628	2787536	3520268	4259900	84471124	22159	404385947
1/1/1966	28461	5384	9125330	5103356	1315273	69896632	34619	5225334	987607	7600	38916	1881054	2558257	2313561	3078344	639888	2325429	4977618	53945653	4357529	33061	52632	2729420	5281469	52299	0	2551439	41503755	148202	48923	246462	585753	1274743	5284252	49511646	2671919	73078	2427231	603653090	3290976	5056534	761462	9508901	171820	195737	1044596	3112083	3282858	31433	0	358807	3683086	21433533	52514	40945	1073702	2558961	7938733	815831866	869790370	98973850	294095618	3396829	18983251	97209688	1438098	12186583	495998	23630908	154756626	108647539	1810359	318283	16049145	27114	41308	405310	12196452	2140828	5787569	3413737	345187	566501	202217	3373709	65025	13166	3192381	33236	468607	327100153	483067	1783107	160658215	2760449	3573092	4230146	86536379	22538	411923288
1/1/1967	28636	5263	9287155	5161367	1348911	71117678	35607	5183136	995074	7745	40042	1862236	2573835	2388796	3154215	629663	2348881	5053909	55610723	4279849	33317	53824	2732772	5234313	54253	0	2590494	41767449	148392	49241	252427	598929	1288918	5275481	49426465	2667363	74169	2415627	620353282	3400914	5138276	773643	9638760	174783	202327	1067787	3138943	3329466	31261	0	359454	3647740	21482504	54658	41750	1055896	2595971	8145526	837211271	890601161	99376234	292803118	3468433	19344437	96374044	1468652	12022749	490134	24152029	153952033	110691201	1782653	323953	15602023	27302	42784	404943	12339783	2142021	5861467	3454151	348149	575114	207083	3326787	64901	13051	3265091	33183	475168	324661040	485528	1816109	163997705	2732268	3626264	4203213	88651910	23153	419633509
1/1/1968	28811	5124	9456497	5220966	1386348	72332185	37433	5140509	1001077	7876	41172	1852628	2583601	2462467	3230700	618582	2372973	5134081	57268991	4204219	33609	54860	2732061	5183803	56233	0	2630502	41985348	148581	49494	258841	612259	1302140	5256115	49294848	2662877	75268	2402188	637762514	3516260	5222144	786125	9761409	177912	208676	1090029	3162578	3374166	31239	0	360734	3609212	21528785	56831	42543	1036317	2630596	8360846	859258372	911808129	99690851	291478253	3540842	19699313	95614348	1503677	11865098	484868	24719764	153173447	112790615	1753154	329330	15260779	27488	44215	404416	12477844	2141408	5930645	3491977	351585	584501	211407	3274028	64659	12939	3339606	33100	480611	321919408	485985	1847895	167422442	2702363	3678805	4176578	90812684	23805	427581725
1/1/1969	28987	4976	9639573	5285890	1424962	73523928	41525	5100311	1006080	7990	42285	1849015	2588892	2534914	3300457	607025	2397564	5216825	58795259	4129877	34014	55692	2729618	5128878	58154	0	2671542	42169737	148854	49664	265895	625589	1314632	5223145	49088427	2654478	76366	2386729	656497738	3637758	5308303	799133	9872297	181061	213881	1111143	3185629	3418340	31235	0	362203	3569696	21650322	58961	43217	1016431	2662961	8580864	882614747	934812001	99942590	290264903	3614007	20042682	95066324	1540118	11668253	480160	25324634	152536228	114921233	1715054	334484	15156862	27660	45395	403310	12608008	2141260	6006370	3522340	355569	594275	213570	3212148	64346	12805	3416335	32994	485700	319813329	483915	1880017	170923507	2670367	3729660	4151312	93007613	24449	435849159
1/1/1970	29164	4818	9838946	5358533	1457678	74680442	47558	5063111	1010788	8083	43262	1842906	2594215	2588666	3358758	594492	2422433	5301408	60109553	4049527	34576	56287	2726786	5061496	59913	0	2713557	42319623	149186	49719	273710	638730	1325961	5191541	48793002	2635031	77459	2368762	675928190	3765634	5396461	812683	9967256	184148	217349	1131011	3209637	3462867	31194	0	363502	3509276	21673217	61030	43582	998714	2692457	8802770	906676097	958195559	100116396	288798752	3687356	20371036	94423952	1578116	11484091	476747	25974719	151729502	117073635	1671905	339604	15061558	27802	46193	401281	12737421	2063018	6107464	3541941	360081	604114	212494	3146066	64012	12647	3495642	31942	490892	317492668	485809	1913467	174559471	2637954	3778118	4123586	95231336	25049	444484045
1/1/1971	29357	4657	10052755	5444059	1489206	75815500	55582	5038737	1015401	8156	43851	1862928	2602592	2619209	3403417	582711	2447483	5387932	61169807	3981375	35283	56630	2725919	4981753	61391	0	2756585	42417252	149412	49656	282308	651402	1335987	5175447	48395086	2634668	78585	2349377	695661123	3899814	5449008	826828	10045602	187083	218715	1149556	3234599	3461414	31248	0	364550	3410396	21667597	62874	43319	980763	2718881	9026183	931243969	982192462	100447924	287503988	3760984	20683039	93829296	1617737	11335225	475284	26685375	150857984	119269927	1636243	344759	14978437	27905	46538	396651	12839362	2065883	6252004	3550345	365255	614010	207860	3095190	63777	12540	3577561	28159	495954	315912679	483858	1948434	178273948	2605917	3823885	4091134	97476679	25649	453335316
1/1/1972	29570	4491	10273843	5541858	1522477	76908138	65462	5020282	1019188	8210	44370	1886815	2617008	2647133	3437332	572373	2472531	5476826	62022859	3909118	36126	56754	2729779	4897996	62753	0	2800578	42476666	149763	52147	291591	668035	1344975	5284850	48011832	2658402	79860	2327614	713898765	4039494	5498676	841435	10108903	189964	218286	1166905	3256142	3447664	30803	0	365452	3307236	21726668	64574	42853	961831	2742579	9252244	954170114	1004579907	100907126	286513804	3834595	20982645	93485041	1658999	11199233	473219	27444554	150111206	121498667	1606899	349907	14902727	27990	46518	390986	12790427	2147142	6413731	3549324	371022	624041	200308	3070665	63546	12715	3661985	24525	501088	314581091	475286	1984683	182075649	2575879	3885495	4059050	99536341	26488	461979346
1/1/1973	29771	4315	10492529	5648310	1554419	78046743	77330	5002840	1022034	8247	44823	1905178	2630789	2672680	3467008	561805	2497732	5568727	62786113	3838830	37169	56737	2732637	4809523	64016	0	2845708	42511338	150196	55047	301396	685744	1353591	5401988	47633355	2681695	81087	2304058	730387430	4184094	5545442	856265	10162281	193124	216796	1184374	3273784	3430558	30135	0	363555	3209952	21750209	66611	42286	943557	2763608	9483131	975273558	1024951089	101255136	285433833	3908171	21278575	93163698	1701809	11063472	470361	28204493	149374334	123820826	1577275	355018	14826744	28065	46347	384582	12723565	2146323	6581543	3540566	377481	634141	190956	3040175	63271	12782	3750944	21139	506446	313044864	471072	2022501	185953766	2544713	3951162	4028025	101530807	27300	470886270
1/1/1974	29922	4123	10696181	5761598	1585958	79379445	91293	4983497	1023603	8267	45218	1943040	2634510	2703057	3501475	551360	2522957	5664232	63528799	3773605	38474	56675	2732686	4714698	65221	0	2892086	42522682	150629	58039	311480	704465	1362529	5527043	47275359	2699790	82214	2278883	744661478	4332227	5588546	870340	10213122	196999	215198	1206851	3291161	3407283	29927	0	353239	3116999	21713675	69550	41748	924147	2781690	9721785	994124586	1043360799	101581673	284291477	3979873	21582863	92811403	1746045	10932648	467017	28899441	148615403	126412313	1546998	360015	14736841	28145	46395	377685	12639936	2145057	6739419	3526293	385832	644238	181402	3006938	62882	12795	3848887	18046	512196	311742203	463716	2063549	189917267	2511709	4019328	4001823	103510691	28129	479937420
1/1/1975	29995	3914	10873811	5880964	1618163	80909077	107316	4960806	1028226	8275	45557	1955995	2626772	2738887	3547377	540999	2548240	5763919	64239283	3700908	40070	56632	2728971	4625987	66403	0	2939734	42516991	151015	61113	321647	724339	1372403	5660443	46957082	2702222	83204	2252306	756942270	4477220	5627742	883043	10264487	201872	214192	1230152	3307575	3376698	29586	0	342570	3025935	21588023	73662	41329	903388	2796878	9970319	1012999828	1061663057	101946729	283268753	4027324	21903517	92548576	1791628	10812000	463267	29487555	147984541	129153242	1515623	364862	14688342	28238	46818	370528	12547912	2140769	6877169	3508933	393793	654314	172938	2990786	62346	12703	3947508	15280	518361	310459622	459768	2109841	193911807	2477012	4091519	3981051	105472140	29006	489081820
1/1/1976	29972	3692	11031249	6004794	1649474	82645085	125014	4933753	1031506	8267	45849	1964620	2621379	2773187	3606966	530184	2573393	5855684	65125945	3632541	41992	56623	2720990	4533373	67556	0	2988754	42492148	151342	64277	331871	745377	1390001	5761204	46633128	2690413	84033	2224595	768187399	4592840	5676875	895092	10315492	207877	213942	1254363	3323240	3338776	29146	0	331636	2934700	21451007	79135	41058	882632	2808977	10228706	1028892497	1077185948	102325922	282334420	4072442	22243814	92312865	1838427	10698811	459138	29948078	147383535	132045741	1482252	369440	14727839	28348	47662	363118	12454324	2135940	6989366	3488678	401271	664311	165651	2992672	61594	12611	4046414	12845	525135	309396851	448321	2158393	197932439	2441262	4168017	3958606	107405552	29836	498277462
1/1/1977	29871	3467	11165004	6133979	1681437	84585564	143804	4903995	1033623	8249	46082	1995395	2621628	2806255	3678662	510589	2598463	5941349	66143589	3572033	44169	56640	2709625	4443919	68696	0	3012190	42451138	151620	67519	342130	767302	1414811	5819788	46240308	2684888	84725	2196012	778161684	4705574	5774965	906621	10365935	214848	214298	1279466	3337846	3294867	28671	0	320498	2842920	21357951	85569	40892	870832	2818392	10449945	1043349539	1091504095	102649602	281232542	4115487	22688212	91968425	1886488	10589867	455120	30309882	146617451	135073561	1449014	374994	14749165	28471	48861	355460	12359759	2130131	7082788	3467083	408492	674292	159548	2986905	60690	12367	4145875	10739	532293	308446440	437973	2209068	202019967	2397745	4248617	3932744	109311156	30337	507538660
1/1/1978	29751	3247	11244718	6271719	1711648	86636612	162922	4872077	1034648	8244	46213	2027206	2618751	2838624	3760955	491485	2623004	6030037	67230567	3496879	46395	56667	2696318	4357973	69910	0	3026034	42388571	151836	70814	352184	789527	1441654	5868870	45775082	2688709	85364	2166745	785011465	4814239	5874908	917712	10415089	222360	215256	1305395	3351967	3245645	27980	0	308895	2750823	21295639	91943	40746	859096	2824922	10600669	1054590830	1102571142	102900974	280066789	4156169	23213797	91641782	1936106	10498709	450848	30641277	145807301	138176605	1416158	381031	14759026	28794	50341	347471	12271069	2122022	7174212	3448645	415809	684527	155678	2980527	59875	12125	4246605	8931	538978	307501152	429363	2261326	206132965	2365430	4333950	3902097	111187922	30814	516906520
1/1/1979	29697	3044	11233005	6422588	1740858	88714196	180731	4840363	1040054	8275	46185	2057940	2613535	2873146	3851016	473116	2653236	6123382	68298709	3423053	48401	56693	2683191	4274272	71308	0	3038481	42305348	151979	74128	361786	811330	1471217	5918004	45321917	2697702	86067	2137102	788605339	5015348	5976937	928615	10462290	229845	216741	1332110	3366909	3192675	27417	0	296635	2658820	21260524	97040	40507	846933	2828884	10756482	1062607166	1110397022	103178932	279128287	4194589	23767043	91278722	1987684	10356049	447886	31038507	144977763	141367206	1383190	387723	14768935	29188	51976	339143	12192652	2119585	7286573	3439071	423740	694420	155285	2972373	59475	12033	4349865	7397	544008	306776940	436525	2314480	210479663	2328010	4424457	3864948	113047437	31184	526444872
1/1/1980	29764	2862	11139730	6588776	1769877	90724893	196139	4809761	1051193	8331	45964	2092141	2612783	2910821	3947493	455398	2701553	6222089	69280782	3358522	50023	56663	2671566	4194898	72978	0	3049056	42198008	152372	77435	370760	832146	1503768	5985198	44945953	2712037	86917	2107225	791287529	5221430	6080899	939454	10506841	236896	218432	1359541	3383980	3136831	26989	0	283662	2558840	21260046	100164	40097	833875	2830219	10917692	1069587922	1117162349	103559734	278581192	4230629	24348534	90920695	2041441	10187536	447435	31571493	144228507	144466256	1351318	395326	14785950	29597	53671	330443	12118256	2122292	7435790	3442245	432645	700264	159118	2956103	59703	11987	4456190	6505	546791	306150942	431477	2368037	214888889	2291201	4520289	3835546	114889095	31392	536183618
1/1/1981	30007	2700	10926513	6772951	1798543	92660292	211156	4763031	1061453	8358	45548	2134561	2618395	2949563	4048761	440204	2751606	6326597	70390012	3325011	51192	56343	2666645	4118594	74989	0	3058047	42073613	154756	80720	378760	851748	1539844	6047712	44711654	2661086	87829	2077397	793935216	5432549	6186759	950313	10549627	243299	217836	1387809	3412148	3078638	26637	0	270094	2525602	21178760	101059	39352	823805	2829268	11084690	1076330687	1123644166	103599771	277708982	4264426	24956941	90545360	2096628	10084654	447430	32263818	143609401	147433395	1318646	404121	14812510	30012	55527	321465	12062199	2124502	7628013	3461013	442442	706570	167794	2943518	60696	11987	4561322	6931	548290	305179639	425350	2421732	219346499	2263081	4621888	3816417	116533018	31405	546466732
1/1/1982	30401	2552	10617227	6971761	1829633	94551791	226297	4708914	1070667	8427	44970	2179561	2617168	2989131	4155377	430030	2803371	6435916	71947271	3290185	51984	56014	2679408	4041007	77276	0	3065107	41922566	157064	81955	385803	861437	1578887	6080235	44527051	2560486	88531	2056298	797806157	5648106	6293911	960999	10589398	249238	217509	1416818	3443221	3035850	26443	0	256182	2532083	21066192	100256	37942	817570	2854004	11254291	1084381310	1131399028	103407903	276804632	4295672	25592012	90285798	2152769	10049152	447486	33096865	143210370	150321641	1285267	413814	14844457	30425	57489	319231	12085470	2127121	7856260	3494348	453009	713178	180791	2942728	62337	11912	4655811	7385	547431	304346233	416422	2475555	223842348	2260072	4728778	3794791	118033517	31257	557608602
1/1/1983	30837	2415	10260780	7175305	1861315	96355422	240636	4655616	1079467	8524	44268	2216210	2609918	3029458	4269012	420141	2856666	6548383	73515794	3253796	52561	55654	2693338	3963186	79778	0	3070215	41738547	159321	82732	392549	866607	1619063	6100530	44325667	2456593	89357	2071416	802837860	5866808	6402058	971343	10625012	254917	217163	1446322	3481052	2997495	26175	0	251102	2537294	21014164	100176	36435	811434	2900909	11423154	1093584526	1140281778	103184278	275937545	4332540	26256043	90108492	2210547	10007519	447388	34043193	142880850	153048908	1252696	423426	14881415	30846	59473	316932	12117759	2130315	8107483	3552048	464475	719940	196291	2940794	64225	11860	4751298	7869	544579	303560709	407510	2529545	228350259	2255422	4794437	3769746	119457817	31060	568909214
1/1/1984	31157	2285	9923597	7370342	1893194	98037340	255723	4601536	1088751	8629	43501	2250771	2606729	3067722	4391860	410476	2911197	6661837	75110082	3216973	53143	55234	2709259	3884720	82400	0	3072934	41511276	161577	83463	399884	868393	1657915	6118361	44107075	2351989	90264	2087200	806618745	6086836	6510759	981065	10654093	260640	216417	1475056	3515675	2961744	25857	0	249420	2541852	21066224	102300	34888	805438	2947383	11586448	1101479800	1147794736	102919658	275194169	4373225	26951954	90027025	2271256	9959320	447111	35057593	142647364	155671649	1219718	431622	14922401	31283	61419	314540	12164599	2132914	8345863	3636467	476697	726589	209431	2936381	65822	11804	4846103	8384	540353	302841927	396584	2583790	232922763	2249161	4848924	3742901	120772492	30968	580280781
1/1/1985	31265	2159	9658198	7548541	1924635	99779070	272733	4546769	1098913	8728	42720	2291213	2604927	3103593	4524994	401233	2966957	6774751	76741246	3172930	53875	54742	2727065	3807158	85065	0	3073537	41239763	163859	84197	408315	866813	1693848	6134245	43882202	2251040	91212	2103986	810625110	6307123	6619819	995546	10676083	266619	215074	1489478	3543550	2930823	25542	0	248558	2546549	21199425	106185	33352	800242	2993440	11741493	1109540753	1155436768	102669095	274542367	4413080	27679943	90015292	2336734	9907060	446909	36105922	142488210	158340222	1185942	437509	14965663	31737	63282	312098	12220513	2135888	8533104	3726691	490363	732981	220274	2928830	66755	11725	4939336	8931	535278	302159922	386299	2638440	237612583	2242800	4899168	3716933	121962163	31086	591663040
1/1/1986	31084	2175	9468819	7705419	1954134	101516920	291488	4491272	1110795	8817	41927	2338686	2603555	3139330	4669023	392205	3023148	6913024	78408029	3135449	54806	54171	2749232	3730271	87790	0	3071660	40917549	166184	84931	418418	861484	1725992	6157416	43655359	2153190	92207	2121860	815464944	6526456	6728649	1014659	10718954	272876	211013	1502645	3565075	2904997	25093	0	248592	2550807	21282187	112163	31823	795833	3038933	11885589	1118403554	1163701990	102575040	273952145	4451644	28442329	89947143	2406975	9848162	447040	37180589	142263146	161075250	1152471	440650	15011615	32234	65009	309559	12277190	2139042	8702219	3818522	505579	739001	228296	2919496	66865	11600	5030323	9511	529349	301215916	317775	2693240	242552950	2236292	4944289	3691570	123012629	31464	603023796
1/1/1987	30692	2337	9354814	7845427	1985256	103337836	311667	4434889	1123508	8897	41148	2374529	2602173	3174988	4821479	383459	3080189	7076005	80094705	3108935	55868	53529	2773653	3653104	90585	0	3067582	40553375	168548	85654	429616	852234	1755077	6233409	43414304	2059287	93367	2140657	821058949	6744940	6846048	1033580	10766910	279328	206192	1514719	3578948	2883510	24463	0	249392	2555063	21635606	119735	30309	791356	3083856	12025436	1127926755	1172455437	102533827	273663185	4488897	29281524	90149767	2480441	9784028	447304	38293351	142291736	163868037	1120036	437892	15060439	32754	66603	306907	12331725	2140742	8857554	3914225	521931	744660	234065	2910173	66306	11541	5119897	10126	522700	300441310	175542	2747887	247746544	2228227	4984447	3666384	123928172	32057	614370682
1/1/1988	30325	2508	9355090	7978907	2014614	105291623	333449	4377289	1133661	8960	40485	2413701	2602826	3210729	4976106	375867	3139904	7243580	81773535	3081354	56973	52848	2790025	3561979	93369	0	3061492	40145716	170936	86368	439875	838992	1782908	6309029	43145850	1968983	94516	2160026	826508924	6960086	6991542	1052400	10807731	285946	200927	1525989	3586991	2863796	23688	0	250807	2560031	21099829	127949	28842	786304	3128306	12170084	1137100097	1180912645	102436429	272381408	4524238	30163161	89452711	2550051	9717678	446860	39455441	141406525	166864711	1088226	433136	15109782	33206	68141	302787	12387604	2145850	9003634	4024771	538252	749900	238287	2901692	65379	11499	5209011	10780	516152	298778512	95163	2802932	253216411	2219569	5019459	3641801	124712655	32760	625682283
1/1/1989	30312	2690	9514437	8120938	2060783	107310801	356189	4319123	1144653	8998	40065	2454902	2611607	3263817	5124643	368490	3204976	7416143	83413241	3015064	57980	52174	2785022	3500006	96037	0	3054213	39701046	173326	87084	446478	822002	1816083	6417090	42866618	1882140	95581	2179356	831145763	7167085	7137747	1071197	10843210	292669	195653	1537009	3602083	2842994	22915	0	252645	2564468	21281747	135495	27464	781335	3172492	12300991	1145194670	1188342596	102555240	272349061	4557867	31034215	89491487	2606278	9648991	448250	40685124	141247743	170082016	1057858	428651	15156594	33466	69736	298455	12448431	2148180	9148789	4164895	553131	754737	242093	2897805	64536	11414	5299712	11475	510741	298251662	51517	2861559	259029259	2207598	5049927	3583700	125385296	33420	636951275
1/1/1990	30876	2883	9857274	8281138	2089320	110038763	379482	4260103	1154826	8963	39975	2491505	2628512	3311109	5261141	361118	3276583	7593789	84986817	2931350	58819	51683	2750195	3466196	98530	0	3045750	39219524	175362	87788	447746	801217	1855975	6508096	42613866	1800834	96510	2198392	835019382	7379232	7283617	1090043	10872311	299448	190694	1547935	3616285	2818643	22278	0	254699	2560605	21353187	141458	26187	779212	3216406	12415909	1152053854	1194546493	102672426	272536033	4588942	31876867	89423303	2643108	9576244	451436	41991808	141010953	174141326	1028850	425437	15180563	33336	71460	293842	12514322	2159075	9297576	4342970	565562	759086	246248	2898069	64100	11288	5392827	12010	507201	297899209	27553	2919462	265115973	2196936	5075599	3543962	125946184	33928	648189140
1/1/1991	32115	3100	10410934	8464055	2067878	112236414	403568	4206334	1153663	8763	40278	2523464	2652173	3385305	5387658	354059	3355840	7776742	86528873	2873111	59482	52048	2685150	3427834	100712	0	3036223	38703255	175654	88483	442922	776907	1899729	6586539	42195427	1782886	97311	2217040	836478966	7596367	7428975	1108853	10895429	306275	191976	1558738	3628114	2807343	21737	0	256963	2560857	21388515	145867	25164	779794	3260122	12514765	1156788546	1198862353	102889322	272590054	4633276	32684172	89222045	2657280	9529164	452063	43379153	140460733	177820272	1010620	423770	15091320	32859	73357	288956	12569161	2185875	9451351	4564454	575296	762928	250828	2909197	64137	11082	5489005	11938	505889	297219113	9663	2976589	271685255	2059491	5096377	3556728	126252482	34243	659472764
1/1/1992	34119	3343	11150180	8664916	2037549	114367451	428839	4192758	1142542	8536	41178	2525228	2681522	3459796	5503871	347362	3451369	7964839	88112944	2813472	60649	52447	2603326	3395185	102308	0	3027549	38154869	175941	89544	433230	782175	1946560	6591734	41999836	1806158	98050	2229863	836448460	7816663	7573494	1127634	10912604	315066	193672	1569120	3643099	2809874	20948	0	259430	2576685	21478393	149486	25148	780980	3303564	12596454	1159617496	1201332608	103285104	272968511	4686300	33460636	89140792	2652959	9528623	446743	44834556	140183960	181826374	1001945	423223	15065323	32210	75363	283809	12568650	2214567	9607045	4820428	582726	769595	255517	2928761	64381	10894	5587550	11865	506612	296676325	1218	3032734	278639780	2034967	5111786	3568401	126358258	34402	670926439
1/1/1993	36548	3592	11982539	8875246	2007405	116578750	455065	4177905	1125269	8292	42353	2517901	2703726	3535841	5609163	340654	3565157	8158481	89658030	2767905	62167	52828	2507352	3363000	103955	0	3042859	37589293	176229	90617	421350	790898	1995478	6587858	42073783	1826221	98703	2218918	835478607	8037584	7717224	1146616	10923702	324528	195625	1578926	3659788	2809848	19879	0	263724	2592690	21603012	152088	25167	782186	3346227	12659569	1161269433	1202625956	103726742	273398010	4737489	34214287	89049429	2640065	9526159	438168	46327943	140175690	186071702	992568	423319	15029668	31455	77308	278477	12564188	2243390	9760049	5088322	588986	778469	260284	2943116	64855	10762	5688270	11785	508868	296136863	0	3087496	285892844	2105910	5166815	3577385	126342820	34482	682346220
1/1/1994	38981	3831	12781354	9081611	1977318	119024528	481969	4160797	1107658	8038	43701	2512556	2714152	3607435	5703799	333815	3677681	8357841	91191634	2739354	63745	53139	2418030	3319582	106004	0	3057685	37015370	176523	91613	410901	798303	2044982	6575215	42081242	1844334	99359	2206887	833998460	8255753	7859189	1166090	10973783	334129	197586	1587774	3677140	2808109	18847	0	268605	2606957	21709020	154320	25163	783426	3353117	12700794	1162236804	1203266281	103926026	273447715	4786046	34958610	88904071	2632659	9519599	431632	47821722	140050247	190581635	982659	423314	14984269	30819	78955	272977	12560917	2232447	9903276	5337120	596351	787127	264982	2955061	65322	10710	5789993	11687	511859	295441009	0	3140120	293450425	2103985	5219937	3585524	126190883	34591	693766125
1/1/1995	41153	4048	13458775	9275944	1947385	121511215	509545	4141987	1094042	7783	45137	2510924	2718311	3672969	5789134	326709	3785450	8563177	92737232	2708267	65460	53338	2350416	3269624	108688	0	3072087	36440857	176830	92503	404385	804208	2093873	6553280	42079218	1860290	100083	2193681	831819843	8468311	7999337	1186123	11039393	343850	199372	1595399	3694295	2805363	17881	0	273399	2618682	21819475	156675	25099	786105	3346702	12718759	1162381870	1203101869	103951436	273371882	4831813	35703809	88756752	2640880	9509601	426680	49323035	139905615	194956894	972370	422677	14937872	30461	80594	267723	12559379	2185167	10033129	5545404	603617	795521	274227	2964973	65618	10657	5892299	11565	514958	294815357	0	3190246	300996888	2106093	5271331	3593550	125903333	34804	705214976
1/1/1996	42965	4227	13975825	9455096	1917515	123859787	530734	4120726	1085914	7526	46650	2511720	2721984	3734314	5863982	319832	3886695	8774670	94292525	2675519	67350	53410	2309634	3219907	112119	0	3095390	35867479	177153	93281	402441	808654	2142151	6542357	41967254	1872131	100803	2179413	828956742	8675611	8137319	1206935	11098144	353678	200937	1601805	3715575	2801727	17033	0	278033	2629045	21926962	159232	24959	789145	3337141	12713562	1161693942	1202233265	104077755	273231365	4874698	36452379	88612982	2667220	9499241	423107	50802171	139653939	199169505	962241	421406	14889277	29519	81827	262766	12556499	2141870	10147692	5706046	610843	803625	283738	2972974	65708	10565	5994676	11420	518087	294086242	0	3237712	308471596	2020907	5320986	3600375	125483940	35143	716674117
1/1/1997	44479	4375	14363102	9624319	1887867	126032117	546605	4097972	1082364	7268	48236	2499054	2725070	3794654	5931291	313175	3983129	8972588	95846549	2640661	69456	53388	2291460	3167936	116182	0	3118435	35177116	177494	93958	404226	811781	2189902	6495228	41964803	1880261	101390	2164009	825589438	8877413	8273618	1227072	11150746	363619	202292	1606957	3733496	2792129	16162	0	282514	2639712	22009929	161860	24761	791005	3324820	12689129	1160368186	1200788469	104196210	273177337	4914885	37131563	88460144	2709308	9492258	420938	52254946	139506308	203188612	952617	422340	14841299	28746	82585	258084	12554474	2113538	10250565	5826374	617986	811471	293549	2978841	65656	10513	6097550	11253	521337	293487320	0	3282609	315838580	2049628	5370763	3606198	124945800	35580	728127204
1/1/1998	45788	4519	14686823	9793067	1858316	128043099	563758	4073916	1082500	7006	49826	2483511	2728062	3855372	6002037	306498	4078531	9158096	97380208	2604686	71824	53338	2290158	3114946	120632	0	3140995	34476727	177830	94523	408788	813464	2236537	6435543	41899649	1889554	102035	2147750	821328874	9068728	8408255	1247175	11198577	373656	203341	1610098	3750122	2776484	15003	0	286895	2650698	22067414	164516	24539	792450	3310088	12646535	1158011195	1198296241	104294440	273033047	4951797	37771028	88293881	2766161	9493345	419548	53697100	139283734	207115856	942729	423182	14795596	29037	83002	253639	12556019	2103646	10346913	5916526	625200	819036	303670	2981976	65503	10462	6201201	11066	524445	292753883	0	3325222	323301337	2011542	5418474	3610855	124289513	36073	739534755
1/1/1999	47059	4706	15046063	9974323	1828925	130020785	582318	4048877	1084477	6738	51335	2470411	2733375	3896779	6091426	300145	4178093	9346173	98874563	2571814	74499	53360	2296102	3062481	125100	0	3162536	33771774	178143	94977	414674	813662	2281236	6373418	41896977	1902230	102714	2130524	815968942	9216957	8541525	1266423	11242177	383752	204027	1610537	3763641	2760265	13667	0	291280	2661463	22114521	167110	24341	793693	3293593	12577981	1154389955	1194514644	104366548	272853548	4984770	38422122	88145356	2835365	9510038	420495	55156176	139139695	211080806	932575	423288	14752729	29409	83283	249380	12563329	2098063	10445295	5993469	632713	826309	314112	2982153	65324	10392	6306565	10860	527148	291975191	0	3365929	330935412	2028898	5463530	3613643	123533986	36562	750844493
1/1/2000	48412	4974	15508973	10176778	1799636	132012144	602827	4023698	1086908	6565	52702	2458288	2739956	3912746	6209060	294416	4285466	9536622	100311613	2541005	77542	53594	2302049	3004201	129436	0	3182858	33061914	178552	95319	420782	812389	2323601	6314558	41663018	1916614	103416	2112780	809645853	9325868	8673914	1284284	11282806	393903	204298	1607511	3776392	2743290	12379	0	295739	2667547	22142025	169571	24203	795603	3275546	12498722	1149332231	1189303571	104481801	272441941	5013679	39089616	88010477	2914559	9557682	427924	56649816	138782014	215203427	922245	422582	14697577	29598	83441	245300	12572963	2092595	10555362	6069928	640631	833288	324876	2978726	65168	10341	6413918	10673	529246	291049696	0	3405101	338842885	1965719	5505686	3617236	122689217	37003	762014464
1/1/2001	49848	5384	16097251	10403415	1761589	134037353	622496	3998587	1089832	6695	53906	2450309	2750384	3926875	6358958	289670	4401808	9729371	101541384	2472974	80823	54371	2307016	2932930	134145	0	3202030	32913026	179597	95554	426992	809671	2363325	6275436	41430028	1928780	104116	2094427	800082679	9411723	8805931	1300425	11321137	404096	204482	1582453	3795766	2725977	11600	0	300280	2668884	22141424	171938	24115	795779	3256552	12411205	1141489050	1179735548	104337136	271914292	5038408	39781241	87837767	3004561	9641647	426956	58184086	138380324	219437353	914750	420949	14647860	29535	83239	241373	12562339	2088014	10688574	6147679	649074	840021	335992	2966504	65076	10228	6523483	10585	530574	289048105	0	3442798	346925917	1965810	5454497	3599271	122703029	37381	772638445
1/1/2002	51324	5939	16778186	10649315	1723790	136087057	642597	3971193	1088386	6816	55141	2448368	2763544	3939942	6538294	285288	4525292	9923986	102503739	2397994	84360	55286	2313038	2866868	138647	0	3219822	32805461	180610	95680	433436	815187	2400708	6307525	41102930	1940658	104793	2075509	788406300	9477244	8937062	1315221	11356358	414354	204263	1554136	3814272	2708336	11765	0	306762	2670674	22128364	174258	23951	792950	3236061	12315979	1131333066	1167414135	104082166	271039798	5082677	40496673	87589382	3104740	9722744	425998	59749433	137683518	223826647	909949	418515	14598404	29410	83094	237663	12439896	2078594	10829082	6224876	657982	846503	347444	2932325	65285	10136	6634724	10482	531188	286460342	0	3470921	355240024	1959106	5394933	3547284	122670071	37709	782276276
1/1/2003	52770	6576	17502405	10908661	1684768	138178604	671788	3942045	1085520	6918	56257	2448129	2776552	3953356	6741915	280986	4653298	10121783	103355536	2356534	88528	56293	2319247	2800472	143041	0	3236596	32680158	181614	95758	439620	821812	2436993	6345653	40935190	1952321	105483	2057074	775926016	9530615	9067654	1330094	11387824	424752	203591	1523432	3832900	2697505	12167	0	313888	2676944	22091923	176528	23824	789180	3174945	12218055	1120210469	1154249483	103940316	270300669	5140949	41228108	87344374	3208920	9796815	425074	61342906	137154649	228395367	905083	415785	14545384	29302	82964	234225	12323786	2062634	10974863	6305900	667178	852776	359093	2899031	65506	10026	6746355	10361	531426	284018302	0	3496502	363690270	1951824	5328034	3495810	122594686	38011	791686221
1/1/2004	54071	7245	18197814	11172028	1645111	140326184	720799	3911994	1082787	6994	57336	2445680	2793341	3971421	6961418	276681	4782596	10323809	104063840	2316218	93840	57328	2325250	2735395	147485	0	3252420	32531279	182654	95822	445011	829006	2473851	6384602	40783306	1962980	106176	2038948	762817902	9582204	9197740	1346848	11414186	435371	202386	1491214	3851983	2693155	12540	0	320900	2684795	22040918	178738	23700	780089	3095474	12122355	1108257903	1140332070	103851070	269652627	5199322	41963742	87115891	3309079	9862593	424271	62955413	136672175	233018588	900709	413441	14495491	29224	82777	231141	12220136	2055036	11122571	6395535	676735	858903	370862	2866419	65738	9914	6856608	10229	531700	281739632	0	3520185	372272722	1943527	5254381	3446941	122473994	38315	800850345
1/1/2005	55142	7883	18813580	11434010	1604189	142506257	795013	3881667	1079823	7035	58440	2447376	2811943	3995444	7190381	272758	4910890	10531248	104611881	2276769	100574	58342	2330617	2671433	152090	0	3267443	32354346	183756	95890	449530	837441	2511800	6422979	40624113	1972769	106862	2021246	749352182	9640070	9327972	1366624	11435632	446201	200649	1458327	3872707	2687563	13031	0	327660	2695557	21973977	180894	23560	766524	3014772	12032995	1095689346	1125916937	103789619	269007859	5259083	42696771	86848596	3399583	9925418	423570	64580907	136160466	237571782	896820	411970	14449119	29108	82484	228422	12131582	2072973	11270563	6496907	686534	864988	382680	2834017	65975	9760	6964582	10089	532361	279570671	0	3542192	380906317	1936445	5179728	3393894	122320080	38642	809782501
1/1/2006	55950	8472	19331698	11691878	1561661	144755795	897316	3850649	1076275	7038	59590	2452701	2825477	4022610	7427738	269184	5037690	10743774	104983825	2237951	108955	59323	2334540	2610751	156886	0	3281477	32146002	184931	95973	455426	847251	2551257	6444726	40466352	1982344	107539	2004197	735901746	9705356	9457932	1389896	11451650	457265	198341	1424831	3894624	2680453	13543	0	334143	2709931	21834702	182979	23396	755890	2932759	11949625	1082847662	1111673654	103751694	268305296	5320636	43420662	86485837	3478160	9988509	422804	66217490	135557136	242114711	893317	411511	14393064	29032	82088	226103	12048279	2087950	11417618	6612461	696526	870920	394514	2801238	66221	9554	7069726	9938	533549	277790016	0	3562514	389623001	1926605	5104078	3337350	122124337	38996	818470414
1/1/2007	56533	9028	19773808	11947354	1517619	147105503	1020575	3819124	1072226	7006	60763	2437246	2834153	4051232	7674700	265961	5163368	10960031	105199310	2167172	118661	60279	2336510	2555101	161821	0	3294700	31909694	186166	96067	460204	858289	2591942	6447349	40210273	1997270	108204	1987707	722214159	9758156	9588462	1415928	11462415	468538	195577	1390713	3917527	2672061	13992	0	340364	2733000	21640169	185016	23219	748599	2849780	11872458	1069530047	1097131941	103614373	267605902	5383308	44174504	86138965	3546278	10067486	422596	67855418	134868850	246639978	890197	411880	14326192	28994	81629	224161	11970758	2081199	11563869	6741680	706801	876755	406383	2768536	66480	9342	7172146	9782	535137	276276455	0	3581136	398410297	1915376	5027916	3281402	121890793	39368	826888846
1/1/2008	56971	9532	20176169	12201199	1473922	149509144	1147011	3787011	1071100	6958	61959	2455345	2842540	4119674	7929206	262823	5287380	11179878	105306697	2126239	128671	61205	2336065	2503387	166857	0	3307171	31652023	187437	96164	464003	870348	2633733	6456994	39984942	2019904	108847	1971712	708173810	9816891	9719257	1443383	11467884	480030	192591	1356005	3941064	2663029	14353	0	346377	2762927	21434841	187035	23035	742353	2765962	11801993	1055694642	1082193771	103604758	267086752	5446745	44970583	85765271	3607081	10120932	423176	69363165	134187824	251157059	887391	412741	14250048	28917	81163	222594	11893520	2076825	11707982	6881534	717385	882630	418342	2733071	66752	9132	7272138	9632	536998	274944023	0	3597939	407164629	1904710	4951557	3225270	121617968	39749	835004284
1/1/2009	57380	9956	20592382	12455908	1432259	151895055	1254212	3755515	1074057	6917	63155	2475023	2849495	4188204	8189649	259764	5409578	11400477	105370311	2087198	137629	62104	2333993	2455468	171930	0	3318870	31385659	188702	96251	467097	883093	2676211	6470810	39850108	2042435	109456	1956483	693852712	9881824	9850969	1470246	11468064	491733	189725	1320761	3964659	2654334	14633	0	352282	2786024	21218431	189082	22861	737112	2682123	11745606	1041532721	1066980331	103871402	266730095	5509976	45820820	85249949	3665376	10102486	424069	70877514	133447869	255652991	884704	413660	14166960	28812	80772	221396	11813186	2085341	11849231	7026759	728409	888765	430495	2692508	67034	8963	7369922	9505	538880	273506107	0	3612550	416042214	1891792	4874946	3170565	121321537	40123	842800278
1/1/2010	57850	10285	21058618	12711389	1393502	154224167	1328131	3724075	1079305	6902	64344	2482317	2855935	4219228	8454360	257609	5529567	11620096	105431274	2048433	144610	62968	2330840	2409036	177004	0	3329952	31112916	189937	96320	469651	896233	2719079	6482425	39664527	2060846	110026	1942098	679206337	9953720	9983179	1495178	11462995	503633	187163	1284767	3987686	2646442	15012	0	358135	2801381	21024031	191118	22707	732572	2598023	11702382	1027053300	1051511380	104286587	266383539	5572134	46747779	84657716	3724906	10041047	424820	72396983	132593612	260129509	881842	414256	14081708	28690	80514	220543	11736055	2098649	11985482	7173922	739893	895196	442888	2644261	67327	8887	7465868	9409	540620	271946282	0	3624672	425048552	1875922	4798216	3114107	120990189	40482	850240997
1/1/2011	58411	10488	21585556	12967897	1358072	156696507	1364800	3693603	1087143	6914	65526	2485328	2865075	4254200	8721850	255534	5647012	11837730	105504710	2010650	149212	63786	2326557	2363892	181984	0	3340432	30833589	191076	96378	471676	909712	2762310	6485634	39482464	2080882	110551	1928266	664363135	10033202	10116243	1517829	11452647	515743	185071	1248296	4008548	2639637	15422	0	363959	2814526	20868222	193168	22571	726570	2513904	11672743	1012460105	1035990748	104639834	265976858	5633047	47758951	84062821	3785962	9968815	425245	73922256	131738012	264807574	878935	414461	13993809	28551	80398	220080	11658619	2106457	12116748	7322019	751868	902339	455529	2597381	67629	8673	7560006	9351	542187	270366129	0	3634195	434184529	1806422	4721838	3056534	120661092	40823	857294797
1/1/2012	59015	10543	22155981	13225950	1324653	159190237	1371171	3664389	1097190	6951	66682	2496699	2877662	4289447	8991734	252389	5761847	12053889	105590549	1974708	151774	64546	2320864	2321803	186886	0	3350225	30560615	192125	96419	473238	923533	2805977	6501489	39347991	2100056	111017	1915162	649832871	10120616	10249920	1538741	11437562	528023	183374	1212871	4027893	2633645	15738	0	369723	2825825	20357384	195208	22451	718964	2433248	11654894	998220075	1020897841	104809572	265062881	5691643	48825001	83106936	3847643	9868179	425445	75449287	130545405	269547253	876035	414386	13902547	28396	80414	219967	11571796	2103354	12243765	7471715	764298	910052	468392	2551337	67925	8408	7651798	9324	543636	268527165	0	3641397	443431308	1789216	4646332	2992775	120328123	41138	863903600
1/1/2013	59634	10501	22744630	13485061	1292718	161692675	1357714	3636174	1107859	7005	67810	2508463	2892824	4322312	9265304	248706	5874795	12269102	105683633	1939786	152931	65246	2313773	2283483	191722	0	3359594	30289623	193085	96451	474372	937249	2849960	6514131	39206235	2120460	111436	1902584	635688202	10213167	10383720	1558626	11417558	540440	181969	1178679	4045612	2627920	16094	0	375227	2832545	20250111	197239	22343	711749	2356293	11642953	984366731	1006277558	105010881	264685289	5748015	49918025	82670602	3910830	9730070	425436	76979972	129862305	274345087	872846	414040	13808096	28236	80545	220190	11480242	2095119	12366619	7622212	777125	918157	481414	2498512	68219	8115	7741680	9319	545037	267243373	0	3646908	452779793	1772111	4572225	2937652	119975576	41429	870136004
1/1/2014	60224	10457	23315165	13743305	1261731	164170576	1338752	3608603	1117929	7060	68911	2516093	2908640	4353539	9544689	244934	5986659	12484109	105761094	1905241	153639	65881	2305192	2246568	196519	0	3368503	30019367	193962	96472	475085	950422	2894168	6521667	39036615	2142236	111821	1890656	621970693	10307708	10516806	1578674	11392990	552907	180689	1145869	4061947	2620609	16476	0	380488	2835856	20146340	199224	22241	704833	2282960	11630075	970933085	992152041	105231438	264414333	5802020	50998602	82352424	3976283	9580230	425332	78509424	129274651	279160667	869477	413493	13712117	28092	80761	220748	11389307	2095848	12484698	7772864	790273	926364	494534	2445987	68510	7856	7829174	9320	546497	266077629	0	3651465	462209741	1752320	4499878	2882468	119586112	41701	876057482
